source_transaction_id,transaction_date,source,description,category,subcategory,transaction_type,amount,person,payment_method,account_name,related_transaction_id,notes
"DEMO-00001","2024-10-01","Maplewood Apartments","monthly rent","Housing","Rent","Expense","1600","John","Bank Transfer","TD Checking","",""
"DEMO-00002","2024-10-02","Neighborhood Grocer","groceries and household staples","Food & Dining","Groceries","Expense","89.1","John","Card","Citizens Bank","",""
"DEMO-00003","2024-10-02","FreshFields Market","weekly groceries","Food & Dining","Groceries","Expense","81.77","Julia","Card","Chase","",""
"DEMO-00004","2024-10-02","Bean Street","coffee and pastry","Food & Dining","Coffee & Snacks","Expense","8.08","John","Card","Capital One QS","",""
"DEMO-00005","2024-10-03","City Utilities","electric and water utility bill","Housing","Utilities","Expense","137.16","Julia","Card","BoA","",""
"DEMO-00006","2024-10-03","Market Square","general retail purchase","Shopping & Household","General Retail","Expense","134.08","Julia","Card","American Airlines","",""
"DEMO-00007","2024-10-05","Northstar Systems","semi-monthly salary","Income","Salary","Income","2375","John","Bank Transfer","TD Checking","",""
"DEMO-00008","2024-10-07","FiberLink","home internet","Housing","Internet & Phone","Expense","69.99","John","Card","Robinhood Gold","",""
"DEMO-00009","2024-10-07","Deli Corner","takeout","Food & Dining","Restaurants","Expense","46.15","John","Card","Robinhood Gold","",""
"DEMO-00010","2024-10-08","FreshFields Market","weekly groceries","Food & Dining","Groceries","Expense","103.63","John","Card","Citizens Bank","",""
"DEMO-00011","2024-10-09","FuelStop","gas fill-up","Transportation","Fuel","Expense","49.44","Julia","Card","BoA","",""
"DEMO-00012","2024-10-10","Cedar Health","semi-monthly salary","Income","Salary","Income","1800","Julia","Bank Transfer","BoA Checking","",""
"DEMO-00013","2024-10-10","RideNow","rideshare trip","Transportation","Rideshare & Transit","Expense","26.75","Julia","Card","BoA","",""
"DEMO-00014","2024-10-11","Game Corner","game purchase","Entertainment","Events","Expense","36.51","John","Card","Capital One QS","",""
"DEMO-00015","2024-10-12","Mobile Connect","mobile phone bill","Housing","Internet & Phone","Expense","96","Julia","Card","BoA","",""
"DEMO-00016","2024-10-13","Style Harbor","clothing purchase","Shopping & Household","Clothing","Expense","26.88","John","Card","Robinhood Gold","",""
"DEMO-00017","2024-10-14","StreamFlix","streaming subscription","Entertainment","Streaming","Expense","17.99","John","Card","Capital One QS","",""
"DEMO-00018","2024-10-14","FreshFields Market","weekly groceries","Food & Dining","Groceries","Expense","120.04","Julia","Card","Chase","",""
"DEMO-00019","2024-10-15","Paws & Co","pet food and supplies","Pets","Food & Supplies","Expense","78.1","John","Card","Capital One QS","",""
"DEMO-00020","2024-10-16","CloudBox","cloud storage subscription","Technology & Subscriptions","Digital Services","Expense","11.99","John","Card","Capital One QS","",""
"DEMO-00021","2024-10-18","FuelStop","gas fill-up","Transportation","Fuel","Expense","66","John","Card","Citizens Bank","",""
"DEMO-00022","2024-10-19","FuelStop","gas fill-up","Transportation","Fuel","Expense","51.31","Julia","Card","American Airlines","",""
"DEMO-00023","2024-10-20","Northstar Systems","semi-monthly salary","Income","Salary","Income","2375","John","Bank Transfer","TD Checking","",""
"DEMO-00024","2024-10-20","Lakeview Bistro","dinner","Food & Dining","Restaurants","Expense","73.71","John","Card","Citizens Bank","",""
"DEMO-00025","2024-10-20","Deli Corner","takeout","Food & Dining","Restaurants","Expense","32.97","John","Venmo","JohnDaang","",""
"DEMO-00026","2024-10-22","Style Harbor","clothing purchase","Shopping & Household","Clothing","Expense","67.74","Julia","Card","Chase","",""
"DEMO-00027","2024-10-24","Local Service","miscellaneous household service","Other","To Review","Expense","64.39","John","Card","Citizens Bank","",""
"DEMO-00028","2024-10-25","Cedar Health","semi-monthly salary","Income","Salary","Income","1800","Julia","Bank Transfer","BoA Checking","",""
"DEMO-00029","2024-10-25","Deli Corner","takeout","Food & Dining","Restaurants","Expense","70.8","Julia","Card","BoA","",""
"DEMO-00030","2024-10-26","Cafe Morning","coffee","Food & Dining","Coffee & Snacks","Expense","11.7","John","Card","Robinhood Gold","",""
"DEMO-00031","2024-10-27","FreshFields Market","weekly groceries","Food & Dining","Groceries","Expense","138.93","John","Card","Capital One QS","",""
"DEMO-00032","2024-10-27","Deli Corner","takeout","Food & Dining","Restaurants","Expense","25.17","John","Card","Citizens Bank","",""
"DEMO-00033","2024-11-01","Maplewood Apartments","monthly rent","Housing","Rent","Expense","1600","John","Bank Transfer","TD Checking","",""
"DEMO-00034","2024-11-02","Noodle Works","dinner","Food & Dining","Restaurants","Expense","22.74","John","Card","Capital One QS","",""
"DEMO-00035","2024-11-03","City Utilities","electric and water utility bill","Housing","Utilities","Expense","138.03","Julia","Card","BoA","",""
"DEMO-00036","2024-11-04","Deli Corner","takeout","Food & Dining","Restaurants","Expense","70.13","Julia","Card","American Airlines","",""
"DEMO-00037","2024-11-04","Bakery Lane","breakfast","Food & Dining","Coffee & Snacks","Expense","15.04","John","Card","Robinhood Gold","",""
"DEMO-00038","2024-11-05","Northstar Systems","semi-monthly salary","Income","Salary","Income","2300","John","Bank Transfer","TD Checking","",""
"DEMO-00039","2024-11-06","FreshFields Market","weekly groceries","Food & Dining","Groceries","Expense","55.97","John","Card","Capital One QS","",""
"DEMO-00040","2024-11-06","FuelStop","gas fill-up","Transportation","Fuel","Expense","55.57","John","Card","Citizens Bank","",""
"DEMO-00041","2024-11-06","Market Square","general retail purchase","Shopping & Household","General Retail","Expense","109.29","Julia","Card","Chase","",""
"DEMO-00042","2024-11-07","FiberLink","home internet","Housing","Internet & Phone","Expense","69.99","John","Card","Robinhood Gold","",""
"DEMO-00043","2024-11-07","Warehouse Club","bulk groceries","Food & Dining","Groceries","Expense","108.4","Julia","Card","BoA","",""
"DEMO-00044","2024-11-07","Market Square","general retail purchase","Shopping & Household","General Retail","Expense","47.17","Julia","Card","American Airlines","",""
"DEMO-00045","2024-11-08","Noodle Works","dinner","Food & Dining","Restaurants","Expense","20.27","Julia","Card","BoA","",""
"DEMO-00046","2024-11-09","Lakeview Bistro","dinner","Food & Dining","Restaurants","Expense","41.69","Julia","Venmo","Jooliah3","",""
"DEMO-00047","2024-11-10","Cedar Health","semi-monthly salary","Income","Salary","Income","1750","Julia","Bank Transfer","BoA Checking","",""
"DEMO-00048","2024-11-10","FuelStop","gas fill-up","Transportation","Fuel","Expense","60.74","Julia","Card","BoA","",""
"DEMO-00049","2024-11-10","Market Square","refund for general retail purchase","Shopping & Household","General Retail","Refund","47.17","Julia","Card","American Airlines","DEMO-00044","Synthetic refund for dashboard testing."
"DEMO-00050","2024-11-11","FuelStop","gas fill-up","Transportation","Fuel","Expense","65.48","Julia","Card","BoA","",""
"DEMO-00051","2024-11-11","Style Harbor","clothing purchase","Shopping & Household","Clothing","Expense","34.04","Julia","Card","BoA","",""
"DEMO-00052","2024-11-11","Happy Tails Vet","routine veterinary visit","Pets","Veterinary & Grooming","Expense","107.71","Julia","Card","BoA","",""
"DEMO-00053","2024-11-12","Mobile Connect","mobile phone bill","Housing","Internet & Phone","Expense","96","Julia","Card","BoA","",""
"DEMO-00054","2024-11-13","Warehouse Club","bulk groceries","Food & Dining","Groceries","Expense","79.08","John","Card","Robinhood Gold","",""
"DEMO-00055","2024-11-14","StreamFlix","streaming subscription","Entertainment","Streaming","Expense","17.99","John","Card","Capital One QS","",""
"DEMO-00056","2024-11-14","Pharmacy Corner","pharmacy purchase","Health & Personal Care","Pharmacy","Expense","37.26","Julia","Card","Chase","",""
"DEMO-00057","2024-11-16","CloudBox","cloud storage subscription","Technology & Subscriptions","Digital Services","Expense","11.99","John","Card","Capital One QS","",""
"DEMO-00058","2024-11-16","Cinema Plus","game purchase","Entertainment","Events","Expense","81.4","Julia","Card","American Airlines","",""
"DEMO-00059","2024-11-20","Northstar Systems","semi-monthly salary","Income","Salary","Income","2300","John","Bank Transfer","TD Checking","",""
"DEMO-00060","2024-11-20","Deli Corner","takeout","Food & Dining","Restaurants","Expense","35.22","John","Card","Citizens Bank","",""
"DEMO-00061","2024-11-21","FreshFields Market","weekly groceries","Food & Dining","Groceries","Expense","64.37","Julia","Card","American Airlines","",""
"DEMO-00062","2024-11-21","Paws & Co","pet food and supplies","Pets","Food & Supplies","Expense","72.49","John","Card","Citizens Bank","",""
"DEMO-00063","2024-11-22","Game Corner","movie tickets","Entertainment","Hobbies & Games","Expense","71.73","John","Card","Citizens Bank","",""
"DEMO-00064","2024-11-23","Bakery Lane","breakfast","Food & Dining","Coffee & Snacks","Expense","8.48","Julia","Card","Chase","",""
"DEMO-00065","2024-11-25","Cedar Health","semi-monthly salary","Income","Salary","Income","1750","Julia","Bank Transfer","BoA Checking","",""
"DEMO-00066","2024-11-27","Freelance Client","analytics consulting project","Income","Freelance","Income","459.22","John","Bank Transfer","TD Checking","",""
"DEMO-00067","2024-11-27","Style Harbor","clothing purchase","Shopping & Household","Clothing","Expense","37.89","Julia","Card","BoA","",""
"DEMO-00068","2024-12-01","Maplewood Apartments","monthly rent","Housing","Rent","Expense","1600","John","Bank Transfer","TD Checking","",""
"DEMO-00069","2024-12-03","City Utilities","electric and water utility bill","Housing","Utilities","Expense","145.98","Julia","Card","BoA","",""
"DEMO-00070","2024-12-03","FreshFields Market","weekly groceries","Food & Dining","Groceries","Expense","128.14","John","Card","Robinhood Gold","",""
"DEMO-00071","2024-12-03","Bakery Lane","breakfast","Food & Dining","Coffee & Snacks","Expense","7.91","John","Card","Robinhood Gold","",""
"DEMO-00072","2024-12-05","Northstar Systems","semi-monthly salary","Income","Salary","Income","2300","John","Bank Transfer","TD Checking","",""
"DEMO-00073","2024-12-05","Lakeview Bistro","dinner","Food & Dining","Restaurants","Expense","59.48","Julia","Card","BoA","",""
"DEMO-00074","2024-12-07","FiberLink","home internet","Housing","Internet & Phone","Expense","69.99","John","Card","Robinhood Gold","",""
"DEMO-00075","2024-12-08","Deli Corner","takeout","Food & Dining","Restaurants","Expense","41.14","Julia","Card","American Airlines","",""
"DEMO-00076","2024-12-08","City Events","game purchase","Entertainment","Hobbies & Games","Expense","38.06","Julia","Card","Chase","",""
"DEMO-00077","2024-12-08","Mountain Lodge","weekend lodging","Travel","Lodging","Expense","246.89","Julia","Card","Chase","",""
"DEMO-00078","2024-12-09","Style Harbor","clothing purchase","Shopping & Household","Clothing","Expense","106.69","John","Card","Capital One QS","",""
"DEMO-00079","2024-12-09","RailLine","travel transportation","Travel","Travel Transport","Expense","195.58","John","Card","Citizens Bank","",""
"DEMO-00080","2024-12-10","Cedar Health","semi-monthly salary","Income","Salary","Income","1750","Julia","Bank Transfer","BoA Checking","",""
"DEMO-00081","2024-12-10","Trip Activities","travel activities","Travel","Activities","Expense","146.81","John","Card","Capital One QS","",""
"DEMO-00082","2024-12-11","Neighborhood Grocer","groceries and household staples","Food & Dining","Groceries","Expense","73.5","Julia","Card","Chase","",""
"DEMO-00083","2024-12-11","Bean Street","coffee and pastry","Food & Dining","Coffee & Snacks","Expense","8.01","John","Card","Citizens Bank","",""
"DEMO-00084","2024-12-11","Paws & Co","pet food and supplies","Pets","Food & Supplies","Expense","71.76","John","Card","Capital One QS","",""
"DEMO-00085","2024-12-12","Mobile Connect","mobile phone bill","Housing","Internet & Phone","Expense","96","Julia","Card","BoA","",""
"DEMO-00086","2024-12-12","RideNow","rideshare trip","Transportation","Rideshare & Transit","Expense","17.84","John","Card","Capital One QS","",""
"DEMO-00087","2024-12-13","FuelStop","gas fill-up","Transportation","Fuel","Expense","66.63","Julia","Card","American Airlines","",""
"DEMO-00088","2024-12-14","StreamFlix","streaming subscription","Entertainment","Streaming","Expense","17.99","John","Card","Capital One QS","",""
"DEMO-00089","2024-12-14","FuelStop","gas fill-up","Transportation","Fuel","Expense","44.51","Julia","Card","BoA","",""
"DEMO-00090","2024-12-16","CloudBox","cloud storage subscription","Technology & Subscriptions","Digital Services","Expense","11.99","John","Card","Capital One QS","",""
"DEMO-00091","2024-12-16","Warehouse Club","bulk groceries","Food & Dining","Groceries","Expense","91.71","John","Card","Capital One QS","",""
"DEMO-00092","2024-12-16","Cafe Morning","coffee","Food & Dining","Coffee & Snacks","Expense","15.97","John","Card","Citizens Bank","",""
"DEMO-00093","2024-12-16","Home Essentials","household items","Shopping & Household","Household","Expense","73.88","John","Card","Capital One QS","",""
"DEMO-00094","2024-12-17","Gift Corner","holiday gifts","Gifts & Giving","Gifts","Expense","337.69","Julia","Card","American Airlines","",""
"DEMO-00095","2024-12-18","Neighborhood Grocer","groceries and household staples","Food & Dining","Groceries","Expense","104.93","Julia","Card","BoA","",""
"DEMO-00096","2024-12-18","Lakeview Bistro","dinner","Food & Dining","Restaurants","Expense","40.47","Julia","Card","American Airlines","",""
"DEMO-00097","2024-12-20","Northstar Systems","semi-monthly salary","Income","Salary","Income","2300","John","Bank Transfer","TD Checking","",""
"DEMO-00098","2024-12-24","Home Essentials","household items","Shopping & Household","Household","Expense","102.24","Julia","Card","BoA","",""
"DEMO-00099","2024-12-25","Cedar Health","semi-monthly salary","Income","Salary","Income","1750","Julia","Bank Transfer","BoA Checking","",""
"DEMO-00100","2024-12-25","Bean Street","coffee and pastry","Food & Dining","Coffee & Snacks","Expense","11.74","Julia","Card","Chase","",""
"DEMO-00101","2024-12-26","Neighborhood Grocer","groceries and household staples","Food & Dining","Groceries","Expense","58.72","Julia","Card","Chase","",""
"DEMO-00102","2024-12-28","TD Bank","savings interest","Income","Interest","Income","14.21","John","Bank Transfer","TD Savings","",""
"DEMO-00103","2025-01-01","Maplewood Apartments","monthly rent","Housing","Rent","Expense","1650","John","Bank Transfer","TD Checking","",""
"DEMO-00104","2025-01-03","City Utilities","electric and water utility bill","Housing","Utilities","Expense","164.22","Julia","Card","BoA","",""
"DEMO-00105","2025-01-03","Paws & Co","pet food and supplies","Pets","Food & Supplies","Expense","49.84","John","Card","Robinhood Gold","",""
"DEMO-00106","2025-01-05","Northstar Systems","semi-monthly salary","Income","Salary","Income","2300","John","Bank Transfer","TD Checking","",""
"DEMO-00107","2025-01-05","Noodle Works","dinner","Food & Dining","Restaurants","Expense","32.26","John","Card","Robinhood Gold","",""
"DEMO-00108","2025-01-06","Market Square","general retail purchase","Shopping & Household","General Retail","Expense","58.28","Julia","Card","BoA","",""
"DEMO-00109","2025-01-07","FiberLink","home internet","Housing","Internet & Phone","Expense","69.99","John","Card","Robinhood Gold","",""
"DEMO-00110","2025-01-08","Market Square","general retail purchase","Shopping & Household","General Retail","Expense","20.49","John","Card","Robinhood Gold","",""
"DEMO-00111","2025-01-09","Neighborhood Grocer","groceries and household staples","Food & Dining","Groceries","Expense","106.77","Julia","Card","American Airlines","",""
"DEMO-00112","2025-01-09","Local Service","miscellaneous household service","Other","To Review","Expense","45.53","Julia","Card","American Airlines","",""
"DEMO-00113","2025-01-10","Cedar Health","semi-monthly salary","Income","Salary","Income","1750","Julia","Bank Transfer","BoA Checking","",""
"DEMO-00114","2025-01-11","Market Square","general retail purchase","Shopping & Household","General Retail","Expense","27.95","John","Card","Robinhood Gold","",""
"DEMO-00115","2025-01-12","Mobile Connect","mobile phone bill","Housing","Internet & Phone","Expense","96","Julia","Card","BoA","",""
"DEMO-00116","2025-01-12","City Events","event tickets","Entertainment","Hobbies & Games","Expense","67","John","Card","Citizens Bank","",""
"DEMO-00117","2025-01-14","StreamFlix","streaming subscription","Entertainment","Streaming","Expense","17.99","John","Card","Capital One QS","",""
"DEMO-00118","2025-01-14","Deli Corner","takeout","Food & Dining","Restaurants","Expense","25.54","Julia","Card","American Airlines","",""
"DEMO-00119","2025-01-15","FreshFields Market","weekly groceries","Food & Dining","Groceries","Expense","140.78","Julia","Card","American Airlines","",""
"DEMO-00120","2025-01-16","CloudBox","cloud storage subscription","Technology & Subscriptions","Digital Services","Expense","11.99","John","Card","Capital One QS","",""
"DEMO-00121","2025-01-17","Taco House","lunch","Food & Dining","Restaurants","Expense","28.41","John","Card","Capital One QS","",""
"DEMO-00122","2025-01-17","Bakery Lane","breakfast","Food & Dining","Coffee & Snacks","Expense","7.77","Julia","Card","Chase","",""
"DEMO-00123","2025-01-18","Family Clinic","medical appointment","Health & Personal Care","Medical","Expense","41.12","Julia","Card","Chase","",""
"DEMO-00124","2025-01-20","Northstar Systems","semi-monthly salary","Income","Salary","Income","2300","John","Bank Transfer","TD Checking","",""
"DEMO-00125","2025-01-20","FuelStop","gas fill-up","Transportation","Fuel","Expense","37.65","Julia","Card","Chase","",""
"DEMO-00126","2025-01-20","Game Corner","game purchase","Entertainment","Hobbies & Games","Expense","35.16","Julia","Card","Chase","",""
"DEMO-00127","2025-01-21","Deli Corner","takeout","Food & Dining","Restaurants","Expense","67.93","Julia","Card","Chase","",""
"DEMO-00128","2025-01-21","Pharmacy Corner","pharmacy purchase","Health & Personal Care","Pharmacy","Expense","18.03","John","Card","Citizens Bank","",""
"DEMO-00129","2025-01-22","FreshFields Market","weekly groceries","Food & Dining","Groceries","Expense","61.4","John","Card","Capital One QS","",""
"DEMO-00130","2025-01-23","FuelStop","gas fill-up","Transportation","Fuel","Expense","55.91","Julia","Card","Chase","",""
"DEMO-00131","2025-01-24","Lakeview Bistro","dinner","Food & Dining","Restaurants","Expense","31.56","John","Card","Capital One QS","",""
"DEMO-00132","2025-01-25","Cedar Health","semi-monthly salary","Income","Salary","Income","1750","Julia","Bank Transfer","BoA Checking","",""
"DEMO-00133","2025-01-25","Home Essentials","household items","Shopping & Household","Household","Expense","93.89","Julia","Card","Chase","",""
"DEMO-00134","2025-01-26","Neighborhood Grocer","groceries and household staples","Food & Dining","Groceries","Expense","105.91","Julia","Card","American Airlines","",""
"DEMO-00135","2025-01-27","Bean Street","coffee and pastry","Food & Dining","Coffee & Snacks","Expense","9.39","Julia","Card","American Airlines","",""
"DEMO-00136","2025-02-01","Maplewood Apartments","monthly rent","Housing","Rent","Expense","1650","John","Bank Transfer","TD Checking","",""
"DEMO-00137","2025-02-02","Warehouse Club","bulk groceries","Food & Dining","Groceries","Expense","113.88","Julia","Card","BoA","",""
"DEMO-00138","2025-02-03","City Utilities","electric and water utility bill","Housing","Utilities","Expense","126.26","Julia","Card","BoA","",""
"DEMO-00139","2025-02-04","Deli Corner","takeout","Food & Dining","Restaurants","Expense","40.58","John","Venmo","JohnDaang","",""
"DEMO-00140","2025-02-05","Northstar Systems","semi-monthly salary","Income","Salary","Income","2300","John","Bank Transfer","TD Checking","",""
"DEMO-00141","2025-02-05","FreshFields Market","weekly groceries","Food & Dining","Groceries","Expense","80.7","John","Card","Robinhood Gold","",""
"DEMO-00142","2025-02-07","FiberLink","home internet","Housing","Internet & Phone","Expense","69.99","John","Card","Robinhood Gold","",""
"DEMO-00143","2025-02-08","Tech Outlet","small electronics accessory","Shopping & Household","Electronics","Expense","65.95","John","Card","Citizens Bank","",""
"DEMO-00144","2025-02-09","Game Corner","movie tickets","Entertainment","Hobbies & Games","Expense","29.64","John","Card","Capital One QS","",""
"DEMO-00145","2025-02-10","Cedar Health","semi-monthly salary","Income","Salary","Income","1800","Julia","Bank Transfer","BoA Checking","",""
"DEMO-00146","2025-02-11","Neighborhood Grocer","groceries and household staples","Food & Dining","Groceries","Expense","143.59","John","Card","Capital One QS","",""
"DEMO-00147","2025-02-12","Mobile Connect","mobile phone bill","Housing","Internet & Phone","Expense","96","Julia","Card","BoA","",""
"DEMO-00148","2025-02-12","Paws & Co","pet food and supplies","Pets","Food & Supplies","Expense","82.79","John","Card","Capital One QS","",""
"DEMO-00149","2025-02-13","Taco House","lunch","Food & Dining","Restaurants","Expense","53.13","Julia","Card","BoA","",""
"DEMO-00150","2025-02-14","StreamFlix","streaming subscription","Entertainment","Streaming","Expense","17.99","John","Card","Capital One QS","",""
"DEMO-00151","2025-02-14","FuelStop","gas fill-up","Transportation","Fuel","Expense","51.06","John","Card","Capital One QS","",""
"DEMO-00152","2025-02-15","Home Essentials","household items","Shopping & Household","Household","Expense","53.65","Julia","Card","Chase","",""
"DEMO-00153","2025-02-16","CloudBox","cloud storage subscription","Technology & Subscriptions","Digital Services","Expense","11.99","John","Card","Capital One QS","",""
"DEMO-00154","2025-02-17","City Events","game purchase","Entertainment","Events","Expense","73.99","John","Card","Robinhood Gold","",""
"DEMO-00155","2025-02-18","Bakery Lane","breakfast","Food & Dining","Coffee & Snacks","Expense","14.31","Julia","Card","American Airlines","",""
"DEMO-00156","2025-02-18","Market Square","general retail purchase","Shopping & Household","General Retail","Expense","65.9","John","Card","Citizens Bank","",""
"DEMO-00157","2025-02-19","FreshFields Market","weekly groceries","Food & Dining","Groceries","Expense","110.67","Julia","Card","Chase","",""
"DEMO-00158","2025-02-19","Cafe Morning","coffee","Food & Dining","Coffee & Snacks","Expense","7.9","John","Card","Robinhood Gold","",""
"DEMO-00159","2025-02-19","FuelStop","gas fill-up","Transportation","Fuel","Expense","58.52","Julia","Card","BoA","",""
"DEMO-00160","2025-02-20","Northstar Systems","semi-monthly salary","Income","Salary","Income","2300","John","Bank Transfer","TD Checking","",""
"DEMO-00161","2025-02-22","Taco House","lunch","Food & Dining","Restaurants","Expense","52.49","Julia","Venmo","Jooliah3","",""
"DEMO-00162","2025-02-22","Noodle Works","dinner","Food & Dining","Restaurants","Expense","66.02","Julia","Card","BoA","",""
"DEMO-00163","2025-02-25","Cedar Health","semi-monthly salary","Income","Salary","Income","1800","Julia","Bank Transfer","BoA Checking","",""
"DEMO-00164","2025-02-25","RideNow","rideshare trip","Transportation","Rideshare & Transit","Expense","37.08","Julia","Card","Chase","",""
"DEMO-00165","2025-02-27","Bean Street","coffee and pastry","Food & Dining","Coffee & Snacks","Expense","11.08","Julia","Card","BoA","",""
"DEMO-00166","2025-03-01","Maplewood Apartments","monthly rent","Housing","Rent","Expense","1650","John","Bank Transfer","TD Checking","",""
"DEMO-00167","2025-03-02","Noodle Works","dinner","Food & Dining","Restaurants","Expense","70.49","John","Card","Capital One QS","",""
"DEMO-00168","2025-03-03","City Utilities","electric and water utility bill","Housing","Utilities","Expense","153.18","Julia","Card","BoA","",""
"DEMO-00169","2025-03-05","Northstar Systems","semi-monthly salary","Income","Salary","Income","2300","John","Bank Transfer","TD Checking","",""
"DEMO-00170","2025-03-05","Neighborhood Grocer","groceries and household staples","Food & Dining","Groceries","Expense","140.13","Julia","Card","BoA","",""
"DEMO-00171","2025-03-07","FiberLink","home internet","Housing","Internet & Phone","Expense","69.99","John","Card","Robinhood Gold","",""
"DEMO-00172","2025-03-08","FuelStop","gas fill-up","Transportation","Fuel","Expense","48.95","John","Card","Robinhood Gold","",""
"DEMO-00173","2025-03-08","Paws & Co","pet food and supplies","Pets","Food & Supplies","Expense","48.11","Julia","Card","American Airlines","",""
"DEMO-00174","2025-03-09","Lakeview Bistro","dinner","Food & Dining","Restaurants","Expense","29.92","John","Card","Citizens Bank","",""
"DEMO-00175","2025-03-09","Cafe Morning","coffee","Food & Dining","Coffee & Snacks","Expense","12.65","John","Card","Capital One QS","",""
"DEMO-00176","2025-03-09","Style Harbor","clothing purchase","Shopping & Household","Clothing","Expense","56.87","John","Card","Citizens Bank","",""
"DEMO-00177","2025-03-09","Pharmacy Corner","pharmacy purchase","Health & Personal Care","Pharmacy","Expense","31.91","Julia","Card","American Airlines","",""
"DEMO-00178","2025-03-10","Cedar Health","semi-monthly salary","Income","Salary","Income","1750","Julia","Bank Transfer","BoA Checking","",""
"DEMO-00179","2025-03-10","Lakeview Bistro","dinner","Food & Dining","Restaurants","Expense","41.67","Julia","Venmo","Jooliah3","",""
"DEMO-00180","2025-03-11","FreshFields Market","weekly groceries","Food & Dining","Groceries","Expense","107.23","John","Card","Capital One QS","",""
"DEMO-00181","2025-03-11","Cinema Plus","event tickets","Entertainment","Events","Expense","43.82","John","Card","Capital One QS","",""
"DEMO-00182","2025-03-12","Mobile Connect","mobile phone bill","Housing","Internet & Phone","Expense","96","Julia","Card","BoA","",""
"DEMO-00183","2025-03-13","Style Harbor","refund for clothing purchase","Shopping & Household","Clothing","Refund","28.43","John","Card","Citizens Bank","DEMO-00176","Synthetic refund for dashboard testing."
"DEMO-00184","2025-03-14","StreamFlix","streaming subscription","Entertainment","Streaming","Expense","17.99","John","Card","Capital One QS","",""
"DEMO-00185","2025-03-15","Taco House","lunch","Food & Dining","Restaurants","Expense","57.06","Julia","Card","Chase","",""
"DEMO-00186","2025-03-16","CloudBox","cloud storage subscription","Technology & Subscriptions","Digital Services","Expense","11.99","John","Card","Capital One QS","",""
"DEMO-00187","2025-03-16","Home Essentials","household items","Shopping & Household","Household","Expense","63.18","John","Card","Citizens Bank","",""
"DEMO-00188","2025-03-20","Northstar Systems","semi-monthly salary","Income","Salary","Income","2300","John","Bank Transfer","TD Checking","",""
"DEMO-00189","2025-03-20","FreshFields Market","weekly groceries","Food & Dining","Groceries","Expense","125.76","John","Card","Robinhood Gold","",""
"DEMO-00190","2025-03-20","Home Essentials","household items","Shopping & Household","Household","Expense","49.94","Julia","Card","Chase","",""
"DEMO-00191","2025-03-22","Noodle Works","dinner","Food & Dining","Restaurants","Expense","36.44","John","Card","Citizens Bank","",""
"DEMO-00192","2025-03-23","Cafe Morning","coffee","Food & Dining","Coffee & Snacks","Expense","5.62","Julia","Card","American Airlines","",""
"DEMO-00193","2025-03-24","Tech Outlet","small electronics accessory","Shopping & Household","Electronics","Expense","21.85","John","Card","Citizens Bank","",""
"DEMO-00194","2025-03-24","Happy Tails Vet","routine veterinary visit","Pets","Veterinary & Grooming","Expense","81.6","Julia","Card","Chase","",""
"DEMO-00195","2025-03-25","Cedar Health","semi-monthly salary","Income","Salary","Income","1750","Julia","Bank Transfer","BoA Checking","",""
"DEMO-00196","2025-03-26","FreshFields Market","weekly groceries","Food & Dining","Groceries","Expense","94.68","John","Card","Robinhood Gold","",""
"DEMO-00197","2025-03-26","FuelStop","gas fill-up","Transportation","Fuel","Expense","53.66","John","Card","Capital One QS","",""
"DEMO-00198","2025-03-28","TD Bank","savings interest","Income","Interest","Income","7.64","John","Bank Transfer","TD Savings","",""
"DEMO-00199","2025-04-01","Maplewood Apartments","monthly rent","Housing","Rent","Expense","1650","John","Bank Transfer","TD Checking","",""
"DEMO-00200","2025-04-03","City Utilities","electric and water utility bill","Housing","Utilities","Expense","162.16","Julia","Card","BoA","",""
"DEMO-00201","2025-04-04","Neighborhood Grocer","groceries and household staples","Food & Dining","Groceries","Expense","81.5","Julia","Card","Chase","",""
"DEMO-00202","2025-04-04","Deli Corner","takeout","Food & Dining","Restaurants","Expense","44.37","John","Venmo","JohnDaang","",""
"DEMO-00203","2025-04-05","Northstar Systems","semi-monthly salary","Income","Salary","Income","2375","John","Bank Transfer","TD Checking","",""
"DEMO-00204","2025-04-05","RideNow","rideshare trip","Transportation","Rideshare & Transit","Expense","24.87","John","Card","Robinhood Gold","",""
"DEMO-00205","2025-04-06","Deli Corner","takeout","Food & Dining","Restaurants","Expense","19.31","John","Card","Capital One QS","",""
"DEMO-00206","2025-04-07","FiberLink","home internet","Housing","Internet & Phone","Expense","69.99","John","Card","Robinhood Gold","",""
"DEMO-00207","2025-04-07","FuelStop","gas fill-up","Transportation","Fuel","Expense","69.52","John","Card","Robinhood Gold","",""
"DEMO-00208","2025-04-08","Neighborhood Grocer","groceries and household staples","Food & Dining","Groceries","Expense","73","John","Card","Citizens Bank","",""
"DEMO-00209","2025-04-09","Warehouse Club","bulk groceries","Food & Dining","Groceries","Expense","105.56","John","Card","Capital One QS","",""
"DEMO-00210","2025-04-09","Noodle Works","dinner","Food & Dining","Restaurants","Expense","67.71","John","Card","Capital One QS","",""
"DEMO-00211","2025-04-10","Cedar Health","semi-monthly salary","Income","Salary","Income","1750","Julia","Bank Transfer","BoA Checking","",""
"DEMO-00212","2025-04-10","Bakery Lane","breakfast","Food & Dining","Coffee & Snacks","Expense","15.58","Julia","Card","Chase","",""
"DEMO-00213","2025-04-12","Mobile Connect","mobile phone bill","Housing","Internet & Phone","Expense","96","Julia","Card","BoA","",""
"DEMO-00214","2025-04-12","Bean Street","coffee and pastry","Food & Dining","Coffee & Snacks","Expense","11.44","John","Card","Robinhood Gold","",""
"DEMO-00215","2025-04-13","Paws & Co","pet food and supplies","Pets","Food & Supplies","Expense","72.88","Julia","Card","American Airlines","",""
"DEMO-00216","2025-04-14","StreamFlix","streaming subscription","Entertainment","Streaming","Expense","17.99","John","Card","Capital One QS","",""
"DEMO-00217","2025-04-14","Home Essentials","household items","Shopping & Household","Household","Expense","29.85","Julia","Card","Chase","",""
"DEMO-00218","2025-04-15","Taco House","lunch","Food & Dining","Restaurants","Expense","63.28","John","Card","Capital One QS","",""
"DEMO-00219","2025-04-16","CloudBox","cloud storage subscription","Technology & Subscriptions","Digital Services","Expense","11.99","John","Card","Capital One QS","",""
"DEMO-00220","2025-04-18","Warehouse Club","bulk groceries","Food & Dining","Groceries","Expense","88.3","John","Card","Citizens Bank","",""
"DEMO-00221","2025-04-18","FuelStop","gas fill-up","Transportation","Fuel","Expense","57.94","John","Card","Citizens Bank","",""
"DEMO-00222","2025-04-19","City Events","game purchase","Entertainment","Hobbies & Games","Expense","37.66","Julia","Card","Chase","",""
"DEMO-00223","2025-04-20","Northstar Systems","semi-monthly salary","Income","Salary","Income","2375","John","Bank Transfer","TD Checking","",""
"DEMO-00224","2025-04-21","Cafe Morning","coffee","Food & Dining","Coffee & Snacks","Expense","5.36","John","Card","Capital One QS","",""
"DEMO-00225","2025-04-24","Warehouse Club","bulk groceries","Food & Dining","Groceries","Expense","112.81","Julia","Card","Chase","",""
"DEMO-00226","2025-04-24","Local Service","miscellaneous household service","Other","To Review","Expense","32.33","John","Card","Capital One QS","",""
"DEMO-00227","2025-04-25","Cedar Health","semi-monthly salary","Income","Salary","Income","1750","Julia","Bank Transfer","BoA Checking","",""
"DEMO-00228","2025-04-25","Market Square","general retail purchase","Shopping & Household","General Retail","Expense","25.93","John","Card","Robinhood Gold","",""
"DEMO-00229","2025-04-26","Lakeview Bistro","dinner","Food & Dining","Restaurants","Expense","60.89","Julia","Card","Chase","",""
"DEMO-00230","2025-04-26","Style Harbor","clothing purchase","Shopping & Household","Clothing","Expense","121.68","John","Card","Citizens Bank","",""
"DEMO-00231","2025-04-27","Freelance Client","analytics consulting project","Income","Freelance","Income","642.12","John","Bank Transfer","TD Checking","",""
"DEMO-00232","2025-04-27","Noodle Works","dinner","Food & Dining","Restaurants","Expense","71.44","Julia","Venmo","Jooliah3","",""
"DEMO-00233","2025-05-01","Maplewood Apartments","monthly rent","Housing","Rent","Expense","1650","John","Bank Transfer","TD Checking","",""
"DEMO-00234","2025-05-03","City Utilities","electric and water utility bill","Housing","Utilities","Expense","137.14","Julia","Card","BoA","",""
"DEMO-00235","2025-05-03","Home Essentials","household items","Shopping & Household","Household","Expense","67.02","Julia","Card","Chase","",""
"DEMO-00236","2025-05-04","Deli Corner","takeout","Food & Dining","Restaurants","Expense","27.62","Julia","Card","BoA","",""
"DEMO-00237","2025-05-05","Northstar Systems","semi-monthly salary","Income","Salary","Income","2300","John","Bank Transfer","TD Checking","",""
"DEMO-00238","2025-05-06","FreshFields Market","weekly groceries","Food & Dining","Groceries","Expense","105.82","Julia","Card","American Airlines","",""
"DEMO-00239","2025-05-06","Lakeview Bistro","dinner","Food & Dining","Restaurants","Expense","74.62","John","Card","Robinhood Gold","",""
"DEMO-00240","2025-05-07","FiberLink","home internet","Housing","Internet & Phone","Expense","69.99","John","Card","Robinhood Gold","",""
"DEMO-00241","2025-05-07","Taco House","lunch","Food & Dining","Restaurants","Expense","29.89","John","Card","Capital One QS","",""
"DEMO-00242","2025-05-07","Paws & Co","pet food and supplies","Pets","Food & Supplies","Expense","78.45","Julia","Card","Chase","",""
"DEMO-00243","2025-05-09","Bean Street","coffee and pastry","Food & Dining","Coffee & Snacks","Expense","6.57","John","Card","Robinhood Gold","",""
"DEMO-00244","2025-05-10","Cedar Health","semi-monthly salary","Income","Salary","Income","1750","Julia","Bank Transfer","BoA Checking","",""
"DEMO-00245","2025-05-12","Mobile Connect","mobile phone bill","Housing","Internet & Phone","Expense","96","Julia","Card","BoA","",""
"DEMO-00246","2025-05-12","FuelStop","gas fill-up","Transportation","Fuel","Expense","57.36","Julia","Card","Chase","",""
"DEMO-00247","2025-05-13","Deli Corner","takeout","Food & Dining","Restaurants","Expense","66.55","John","Card","Robinhood Gold","",""
"DEMO-00248","2025-05-14","StreamFlix","streaming subscription","Entertainment","Streaming","Expense","17.99","John","Card","Capital One QS","",""
"DEMO-00249","2025-05-14","Warehouse Club","bulk groceries","Food & Dining","Groceries","Expense","99.7","Julia","Card","Chase","",""
"DEMO-00250","2025-05-14","Warehouse Club","bulk groceries","Food & Dining","Groceries","Expense","136.28","John","Card","Capital One QS","",""
"DEMO-00251","2025-05-14","Taco House","lunch","Food & Dining","Restaurants","Expense","42.95","John","Card","Citizens Bank","",""
"DEMO-00252","2025-05-14","Bakery Lane","breakfast","Food & Dining","Coffee & Snacks","Expense","15.77","Julia","Card","BoA","",""
"DEMO-00253","2025-05-14","FuelStop","gas fill-up","Transportation","Fuel","Expense","45.94","John","Card","Robinhood Gold","",""
"DEMO-00254","2025-05-16","CloudBox","cloud storage subscription","Technology & Subscriptions","Digital Services","Expense","11.99","John","Card","Capital One QS","",""
"DEMO-00255","2025-05-18","Neighborhood Grocer","groceries and household staples","Food & Dining","Groceries","Expense","67.16","John","Card","Robinhood Gold","",""
"DEMO-00256","2025-05-18","Cinema Plus","event tickets","Entertainment","Events","Expense","71.19","John","Card","Citizens Bank","",""
"DEMO-00257","2025-05-20","Northstar Systems","semi-monthly salary","Income","Salary","Income","2300","John","Bank Transfer","TD Checking","",""
"DEMO-00258","2025-05-20","Pharmacy Corner","pharmacy purchase","Health & Personal Care","Pharmacy","Expense","37.56","Julia","Card","Chase","",""
"DEMO-00259","2025-05-21","Neighborhood Grocer","groceries and household staples","Food & Dining","Groceries","Expense","80.72","Julia","Card","BoA","",""
"DEMO-00260","2025-05-23","FuelStop","gas fill-up","Transportation","Fuel","Expense","41.53","Julia","Card","American Airlines","",""
"DEMO-00261","2025-05-25","Cedar Health","semi-monthly salary","Income","Salary","Income","1750","Julia","Bank Transfer","BoA Checking","",""
"DEMO-00262","2025-05-25","Tech Outlet","small electronics accessory","Shopping & Household","Electronics","Expense","107.87","Julia","Card","BoA","",""
"DEMO-00263","2025-05-27","Noodle Works","dinner","Food & Dining","Restaurants","Expense","38.38","Julia","Card","BoA","",""
"DEMO-00264","2025-06-01","Maplewood Apartments","monthly rent","Housing","Rent","Expense","1650","John","Bank Transfer","TD Checking","",""
"DEMO-00265","2025-06-03","City Utilities","electric and water utility bill","Housing","Utilities","Expense","198.55","Julia","Card","BoA","",""
"DEMO-00266","2025-06-04","Paws & Co","pet food and supplies","Pets","Food & Supplies","Expense","80.02","John","Card","Robinhood Gold","",""
"DEMO-00267","2025-06-05","Northstar Systems","semi-monthly salary","Income","Salary","Income","2300","John","Bank Transfer","TD Checking","",""
"DEMO-00268","2025-06-05","Lakeview Bistro","dinner","Food & Dining","Restaurants","Expense","26.02","John","Card","Capital One QS","",""
"DEMO-00269","2025-06-05","RideNow","rideshare trip","Transportation","Rideshare & Transit","Expense","24.05","Julia","Card","Chase","",""
"DEMO-00270","2025-06-07","FiberLink","home internet","Housing","Internet & Phone","Expense","69.99","John","Card","Robinhood Gold","",""
"DEMO-00271","2025-06-08","Bean Street","coffee and pastry","Food & Dining","Coffee & Snacks","Expense","6.46","John","Card","Citizens Bank","",""
"DEMO-00272","2025-06-08","Harbor Hotel","weekend lodging","Travel","Lodging","Expense","275.82","Julia","Card","Chase","",""
"DEMO-00273","2025-06-09","FreshFields Market","weekly groceries","Food & Dining","Groceries","Expense","127.04","Julia","Card","American Airlines","",""
"DEMO-00274","2025-06-09","Warehouse Club","bulk groceries","Food & Dining","Groceries","Expense","114.25","John","Card","Citizens Bank","",""
"DEMO-00275","2025-06-09","RailLine","travel transportation","Travel","Travel Transport","Expense","216.9","John","Card","Citizens Bank","",""
"DEMO-00276","2025-06-10","Cedar Health","semi-monthly salary","Income","Salary","Income","1800","Julia","Bank Transfer","BoA Checking","",""
"DEMO-00277","2025-06-10","Neighborhood Grocer","groceries and household staples","Food & Dining","Groceries","Expense","67.52","John","Card","Capital One QS","",""
"DEMO-00278","2025-06-10","Trip Activities","travel activities","Travel","Activities","Expense","145.24","Julia","Card","Chase","",""
"DEMO-00279","2025-06-12","Mobile Connect","mobile phone bill","Housing","Internet & Phone","Expense","96","Julia","Card","BoA","",""
"DEMO-00280","2025-06-12","Warehouse Club","bulk groceries","Food & Dining","Groceries","Expense","120.05","John","Card","Capital One QS","",""
"DEMO-00281","2025-06-12","Deli Corner","takeout","Food & Dining","Restaurants","Expense","30","Julia","Card","American Airlines","",""
"DEMO-00282","2025-06-13","Bakery Lane","breakfast","Food & Dining","Coffee & Snacks","Expense","10.9","Julia","Card","Chase","",""
"DEMO-00283","2025-06-14","StreamFlix","streaming subscription","Entertainment","Streaming","Expense","17.99","John","Card","Capital One QS","",""
"DEMO-00284","2025-06-14","Bean Street","coffee and pastry","Food & Dining","Coffee & Snacks","Expense","13.68","Julia","Card","Chase","",""
"DEMO-00285","2025-06-15","FuelStop","gas fill-up","Transportation","Fuel","Expense","50.05","Julia","Card","Chase","",""
"DEMO-00286","2025-06-16","CloudBox","cloud storage subscription","Technology & Subscriptions","Digital Services","Expense","11.99","John","Card","Capital One QS","",""
"DEMO-00287","2025-06-17","Tech Outlet","small electronics accessory","Shopping & Household","Electronics","Expense","107.77","John","Card","Robinhood Gold","",""
"DEMO-00288","2025-06-18","Family Clinic","medical appointment","Health & Personal Care","Medical","Expense","49.51","Julia","Card","Chase","",""
"DEMO-00289","2025-06-20","Northstar Systems","semi-monthly salary","Income","Salary","Income","2300","John","Bank Transfer","TD Checking","",""
"DEMO-00290","2025-06-20","FuelStop","gas fill-up","Transportation","Fuel","Expense","62.8","John","Card","Capital One QS","",""
"DEMO-00291","2025-06-21","Deli Corner","takeout","Food & Dining","Restaurants","Expense","61","John","Card","Robinhood Gold","",""
"DEMO-00292","2025-06-21","Bakery Lane","breakfast","Food & Dining","Coffee & Snacks","Expense","6.49","John","Card","Citizens Bank","",""
"DEMO-00293","2025-06-22","FuelStop","gas fill-up","Transportation","Fuel","Expense","36.89","Julia","Card","Chase","",""
"DEMO-00294","2025-06-22","Home Essentials","household items","Shopping & Household","Household","Expense","50.36","Julia","Card","American Airlines","",""
"DEMO-00295","2025-06-24","Cinema Plus","movie tickets","Entertainment","Hobbies & Games","Expense","19.5","John","Card","Capital One QS","",""
"DEMO-00296","2025-06-25","Cedar Health","semi-monthly salary","Income","Salary","Income","1800","Julia","Bank Transfer","BoA Checking","",""
"DEMO-00297","2025-06-25","Noodle Works","dinner","Food & Dining","Restaurants","Expense","70.74","John","Card","Capital One QS","",""
"DEMO-00298","2025-06-25","Cinema Plus","game purchase","Entertainment","Hobbies & Games","Expense","30.45","Julia","Card","American Airlines","",""
"DEMO-00299","2025-06-27","FreshFields Market","weekly groceries","Food & Dining","Groceries","Expense","63.65","John","Card","Citizens Bank","",""
"DEMO-00300","2025-06-28","TD Bank","savings interest","Income","Interest","Income","18.83","John","Bank Transfer","TD Savings","",""
"DEMO-00301","2025-07-01","Maplewood Apartments","monthly rent","Housing","Rent","Expense","1650","John","Bank Transfer","TD Checking","",""
"DEMO-00302","2025-07-03","City Utilities","electric and water utility bill","Housing","Utilities","Expense","201.6","Julia","Card","BoA","",""
"DEMO-00303","2025-07-04","FuelStop","gas fill-up","Transportation","Fuel","Expense","57.86","John","Card","Robinhood Gold","",""
"DEMO-00304","2025-07-04","Tech Outlet","small electronics accessory","Shopping & Household","Electronics","Expense","94.44","John","Card","Citizens Bank","",""
"DEMO-00305","2025-07-04","Game Corner","game purchase","Entertainment","Events","Expense","80.87","Julia","Card","Chase","",""
"DEMO-00306","2025-07-05","Northstar Systems","semi-monthly salary","Income","Salary","Income","2300","John","Bank Transfer","TD Checking","",""
"DEMO-00307","2025-07-05","Pharmacy Corner","pharmacy purchase","Health & Personal Care","Pharmacy","Expense","42.47","John","Card","Capital One QS","",""
"DEMO-00308","2025-07-06","Warehouse Club","bulk groceries","Food & Dining","Groceries","Expense","72.1","John","Card","Capital One QS","",""
"DEMO-00309","2025-07-07","FiberLink","home internet","Housing","Internet & Phone","Expense","69.99","John","Card","Robinhood Gold","",""
"DEMO-00310","2025-07-07","Lakeview Bistro","dinner","Food & Dining","Restaurants","Expense","59.52","John","Card","Robinhood Gold","",""
"DEMO-00311","2025-07-08","Deli Corner","takeout","Food & Dining","Restaurants","Expense","39.63","Julia","Card","BoA","",""
"DEMO-00312","2025-07-08","Paws & Co","pet food and supplies","Pets","Food & Supplies","Expense","84.11","Julia","Card","BoA","",""
"DEMO-00313","2025-07-09","Neighborhood Grocer","groceries and household staples","Food & Dining","Groceries","Expense","142.17","John","Card","Robinhood Gold","",""
"DEMO-00314","2025-07-09","Noodle Works","dinner","Food & Dining","Restaurants","Expense","72.11","John","Card","Robinhood Gold","",""
"DEMO-00315","2025-07-09","Tech Outlet","small electronics accessory","Shopping & Household","Electronics","Expense","63.93","John","Card","Citizens Bank","",""
"DEMO-00316","2025-07-10","Cedar Health","semi-monthly salary","Income","Salary","Income","1750","Julia","Bank Transfer","BoA Checking","",""
"DEMO-00317","2025-07-10","Tech Outlet","refund for small electronics accessory","Shopping & Household","Electronics","Refund","47.22","John","Card","Citizens Bank","DEMO-00304","Synthetic refund for dashboard testing."
"DEMO-00318","2025-07-12","Mobile Connect","mobile phone bill","Housing","Internet & Phone","Expense","96","Julia","Card","BoA","",""
"DEMO-00319","2025-07-12","Noodle Works","dinner","Food & Dining","Restaurants","Expense","48.58","Julia","Card","Chase","",""
"DEMO-00320","2025-07-12","Cafe Morning","coffee","Food & Dining","Coffee & Snacks","Expense","5.27","John","Card","Citizens Bank","",""
"DEMO-00321","2025-07-12","Market Square","general retail purchase","Shopping & Household","General Retail","Expense","21.86","John","Card","Citizens Bank","",""
"DEMO-00322","2025-07-13","Happy Tails Vet","routine veterinary visit","Pets","Veterinary & Grooming","Expense","124.24","John","Card","Robinhood Gold","",""
"DEMO-00323","2025-07-14","StreamFlix","streaming subscription","Entertainment","Streaming","Expense","17.99","John","Card","Capital One QS","",""
"DEMO-00324","2025-07-16","CloudBox","cloud storage subscription","Technology & Subscriptions","Digital Services","Expense","11.99","John","Card","Capital One QS","",""
"DEMO-00325","2025-07-16","Bakery Lane","breakfast","Food & Dining","Coffee & Snacks","Expense","9.62","Julia","Card","BoA","",""
"DEMO-00326","2025-07-16","FuelStop","gas fill-up","Transportation","Fuel","Expense","70.62","Julia","Card","Chase","",""
"DEMO-00327","2025-07-17","Cafe Morning","coffee","Food & Dining","Coffee & Snacks","Expense","5.35","Julia","Card","BoA","",""
"DEMO-00328","2025-07-18","Game Corner","event tickets","Entertainment","Hobbies & Games","Expense","44.2","John","Card","Robinhood Gold","",""
"DEMO-00329","2025-07-19","Noodle Works","dinner","Food & Dining","Restaurants","Expense","55.08","John","Card","Capital One QS","",""
"DEMO-00330","2025-07-20","Northstar Systems","semi-monthly salary","Income","Salary","Income","2300","John","Bank Transfer","TD Checking","",""
"DEMO-00331","2025-07-20","Neighborhood Grocer","groceries and household staples","Food & Dining","Groceries","Expense","88.64","Julia","Card","American Airlines","",""
"DEMO-00332","2025-07-20","Warehouse Club","bulk groceries","Food & Dining","Groceries","Expense","133.25","Julia","Card","BoA","",""
"DEMO-00333","2025-07-20","FuelStop","gas fill-up","Transportation","Fuel","Expense","45.16","John","Card","Capital One QS","",""
"DEMO-00334","2025-07-23","Neighborhood Grocer","groceries and household staples","Food & Dining","Groceries","Expense","83.85","Julia","Card","American Airlines","",""
"DEMO-00335","2025-07-25","Cedar Health","semi-monthly salary","Income","Salary","Income","1750","Julia","Bank Transfer","BoA Checking","",""
"DEMO-00336","2025-07-25","Market Square","general retail purchase","Shopping & Household","General Retail","Expense","113.26","John","Card","Robinhood Gold","",""
"DEMO-00337","2025-07-25","Local Service","miscellaneous household service","Other","To Review","Expense","47.88","John","Card","Citizens Bank","",""
"DEMO-00338","2025-08-01","Maplewood Apartments","monthly rent","Housing","Rent","Expense","1650","John","Bank Transfer","TD Checking","",""
"DEMO-00339","2025-08-02","Deli Corner","takeout","Food & Dining","Restaurants","Expense","61.46","John","Card","Capital One QS","",""
"DEMO-00340","2025-08-03","City Utilities","electric and water utility bill","Housing","Utilities","Expense","147.04","Julia","Card","BoA","",""
"DEMO-00341","2025-08-04","Bakery Lane","breakfast","Food & Dining","Coffee & Snacks","Expense","5.64","Julia","Card","BoA","",""
"DEMO-00342","2025-08-04","Style Harbor","clothing purchase","Shopping & Household","Clothing","Expense","144.78","John","Card","Capital One QS","",""
"DEMO-00343","2025-08-04","Paws & Co","pet food and supplies","Pets","Food & Supplies","Expense","79.16","Julia","Card","Chase","",""
"DEMO-00344","2025-08-05","Northstar Systems","semi-monthly salary","Income","Salary","Income","2300","John","Bank Transfer","TD Checking","",""
"DEMO-00345","2025-08-05","Cafe Morning","coffee","Food & Dining","Coffee & Snacks","Expense","16.55","Julia","Card","BoA","",""
"DEMO-00346","2025-08-07","FiberLink","home internet","Housing","Internet & Phone","Expense","69.99","John","Card","Robinhood Gold","",""
"DEMO-00347","2025-08-07","FuelStop","gas fill-up","Transportation","Fuel","Expense","44.01","John","Card","Citizens Bank","",""
"DEMO-00348","2025-08-09","Noodle Works","dinner","Food & Dining","Restaurants","Expense","40.6","Julia","Venmo","Jooliah3","",""
"DEMO-00349","2025-08-10","Cedar Health","semi-monthly salary","Income","Salary","Income","1750","Julia","Bank Transfer","BoA Checking","",""
"DEMO-00350","2025-08-10","FreshFields Market","weekly groceries","Food & Dining","Groceries","Expense","90.64","John","Card","Citizens Bank","",""
"DEMO-00351","2025-08-10","Cafe Morning","coffee","Food & Dining","Coffee & Snacks","Expense","6.65","John","Card","Capital One QS","",""
"DEMO-00352","2025-08-11","Deli Corner","takeout","Food & Dining","Restaurants","Expense","68.72","John","Card","Citizens Bank","",""
"DEMO-00353","2025-08-11","Cinema Plus","game purchase","Entertainment","Hobbies & Games","Expense","49.31","John","Card","Robinhood Gold","",""
"DEMO-00354","2025-08-12","Mobile Connect","mobile phone bill","Housing","Internet & Phone","Expense","96","Julia","Card","BoA","",""
"DEMO-00355","2025-08-13","FreshFields Market","weekly groceries","Food & Dining","Groceries","Expense","81.86","John","Card","Capital One QS","",""
"DEMO-00356","2025-08-14","StreamFlix","streaming subscription","Entertainment","Streaming","Expense","17.99","John","Card","Capital One QS","",""
"DEMO-00357","2025-08-16","CloudBox","cloud storage subscription","Technology & Subscriptions","Digital Services","Expense","11.99","John","Card","Capital One QS","",""
"DEMO-00358","2025-08-16","Noodle Works","dinner","Food & Dining","Restaurants","Expense","25.04","John","Card","Citizens Bank","",""
"DEMO-00359","2025-08-19","Deli Corner","takeout","Food & Dining","Restaurants","Expense","31.02","John","Card","Citizens Bank","",""
"DEMO-00360","2025-08-19","Market Square","general retail purchase","Shopping & Household","General Retail","Expense","25.85","Julia","Card","Chase","",""
"DEMO-00361","2025-08-20","Northstar Systems","semi-monthly salary","Income","Salary","Income","2300","John","Bank Transfer","TD Checking","",""
"DEMO-00362","2025-08-20","RideNow","rideshare trip","Transportation","Rideshare & Transit","Expense","13.8","Julia","Card","Chase","",""
"DEMO-00363","2025-08-22","FuelStop","gas fill-up","Transportation","Fuel","Expense","62.44","Julia","Card","American Airlines","",""
"DEMO-00364","2025-08-23","Warehouse Club","bulk groceries","Food & Dining","Groceries","Expense","128.13","John","Card","Capital One QS","",""
"DEMO-00365","2025-08-25","Cedar Health","semi-monthly salary","Income","Salary","Income","1750","Julia","Bank Transfer","BoA Checking","",""
"DEMO-00366","2025-08-25","FreshFields Market","weekly groceries","Food & Dining","Groceries","Expense","81.81","Julia","Card","Chase","",""
"DEMO-00367","2025-09-01","Maplewood Apartments","monthly rent","Housing","Rent","Expense","1650","John","Bank Transfer","TD Checking","",""
"DEMO-00368","2025-09-02","Bakery Lane","breakfast","Food & Dining","Coffee & Snacks","Expense","9.31","Julia","Card","BoA","",""
"DEMO-00369","2025-09-03","City Utilities","electric and water utility bill","Housing","Utilities","Expense","175.76","Julia","Card","BoA","",""
"DEMO-00370","2025-09-05","Northstar Systems","semi-monthly salary","Income","Salary","Income","2300","John","Bank Transfer","TD Checking","",""
"DEMO-00371","2025-09-06","FuelStop","gas fill-up","Transportation","Fuel","Expense","49.21","Julia","Card","BoA","",""
"DEMO-00372","2025-09-06","Paws & Co","pet food and supplies","Pets","Food & Supplies","Expense","79.49","Julia","Card","Chase","",""
"DEMO-00373","2025-09-07","FiberLink","home internet","Housing","Internet & Phone","Expense","69.99","John","Card","Robinhood Gold","",""
"DEMO-00374","2025-09-07","Noodle Works","dinner","Food & Dining","Restaurants","Expense","39.11","John","Venmo","JohnDaang","",""
"DEMO-00375","2025-09-08","Warehouse Club","bulk groceries","Food & Dining","Groceries","Expense","119.08","Julia","Card","American Airlines","",""
"DEMO-00376","2025-09-09","Lakeview Bistro","dinner","Food & Dining","Restaurants","Expense","66.11","Julia","Card","Chase","",""
"DEMO-00377","2025-09-09","Pharmacy Corner","pharmacy purchase","Health & Personal Care","Pharmacy","Expense","15.56","John","Card","Citizens Bank","",""
"DEMO-00378","2025-09-10","Cedar Health","semi-monthly salary","Income","Salary","Income","1750","Julia","Bank Transfer","BoA Checking","",""
"DEMO-00379","2025-09-11","Warehouse Club","bulk groceries","Food & Dining","Groceries","Expense","68.04","Julia","Card","American Airlines","",""
"DEMO-00380","2025-09-12","Mobile Connect","mobile phone bill","Housing","Internet & Phone","Expense","96","Julia","Card","BoA","",""
"DEMO-00381","2025-09-13","Game Corner","game purchase","Entertainment","Hobbies & Games","Expense","37.88","John","Card","Robinhood Gold","",""
"DEMO-00382","2025-09-14","StreamFlix","streaming subscription","Entertainment","Streaming","Expense","17.99","John","Card","Capital One QS","",""
"DEMO-00383","2025-09-15","FuelStop","gas fill-up","Transportation","Fuel","Expense","51.2","John","Card","Citizens Bank","",""
"DEMO-00384","2025-09-15","Market Square","general retail purchase","Shopping & Household","General Retail","Expense","35.13","John","Card","Citizens Bank","",""
"DEMO-00385","2025-09-16","CloudBox","cloud storage subscription","Technology & Subscriptions","Digital Services","Expense","11.99","John","Card","Capital One QS","",""
"DEMO-00386","2025-09-16","Neighborhood Grocer","groceries and household staples","Food & Dining","Groceries","Expense","52.03","Julia","Card","American Airlines","",""
"DEMO-00387","2025-09-17","Home Essentials","household items","Shopping & Household","Household","Expense","39.06","John","Card","Robinhood Gold","",""
"DEMO-00388","2025-09-18","Bean Street","coffee and pastry","Food & Dining","Coffee & Snacks","Expense","5.44","John","Card","Capital One QS","",""
"DEMO-00389","2025-09-20","Northstar Systems","semi-monthly salary","Income","Salary","Income","2300","John","Bank Transfer","TD Checking","",""
"DEMO-00390","2025-09-20","Neighborhood Grocer","groceries and household staples","Food & Dining","Groceries","Expense","135.26","John","Card","Citizens Bank","",""
"DEMO-00391","2025-09-20","Cinema Plus","movie tickets","Entertainment","Hobbies & Games","Expense","20.53","John","Card","Robinhood Gold","",""
"DEMO-00392","2025-09-22","Noodle Works","dinner","Food & Dining","Restaurants","Expense","66.7","John","Card","Robinhood Gold","",""
"DEMO-00393","2025-09-22","Lakeview Bistro","dinner","Food & Dining","Restaurants","Expense","32.27","John","Card","Capital One QS","",""
"DEMO-00394","2025-09-22","Home Essentials","household items","Shopping & Household","Household","Expense","18.82","John","Card","Citizens Bank","",""
"DEMO-00395","2025-09-25","Cedar Health","semi-monthly salary","Income","Salary","Income","1750","Julia","Bank Transfer","BoA Checking","",""
"DEMO-00396","2025-09-25","Bakery Lane","breakfast","Food & Dining","Coffee & Snacks","Expense","12.79","John","Card","Citizens Bank","",""
"DEMO-00397","2025-09-25","Tech Outlet","small electronics accessory","Shopping & Household","Electronics","Expense","86.38","John","Card","Robinhood Gold","",""
"DEMO-00398","2025-09-26","Warehouse Club","bulk groceries","Food & Dining","Groceries","Expense","95.79","Julia","Card","Chase","",""
"DEMO-00399","2025-09-27","Freelance Client","analytics consulting project","Income","Freelance","Income","571.66","John","Bank Transfer","TD Checking","",""
"DEMO-00400","2025-09-28","TD Bank","savings interest","Income","Interest","Income","11.39","John","Bank Transfer","TD Savings","",""
"DEMO-00401","2025-10-01","Maplewood Apartments","monthly rent","Housing","Rent","Expense","1650","John","Bank Transfer","TD Checking","",""
"DEMO-00402","2025-10-03","City Utilities","electric and water utility bill","Housing","Utilities","Expense","140.3","Julia","Card","BoA","",""
"DEMO-00403","2025-10-05","Northstar Systems","semi-monthly salary","Income","Salary","Income","2375","John","Bank Transfer","TD Checking","",""
"DEMO-00404","2025-10-05","FuelStop","gas fill-up","Transportation","Fuel","Expense","41.75","Julia","Card","Chase","",""
"DEMO-00405","2025-10-05","RideNow","rideshare trip","Transportation","Rideshare & Transit","Expense","17.67","John","Card","Robinhood Gold","",""
"DEMO-00406","2025-10-06","Warehouse Club","bulk groceries","Food & Dining","Groceries","Expense","64.65","John","Card","Capital One QS","",""
"DEMO-00407","2025-10-06","Tech Outlet","small electronics accessory","Shopping & Household","Electronics","Expense","143.17","John","Card","Robinhood Gold","",""
"DEMO-00408","2025-10-07","FiberLink","home internet","Housing","Internet & Phone","Expense","69.99","John","Card","Robinhood Gold","",""
"DEMO-00409","2025-10-07","Deli Corner","takeout","Food & Dining","Restaurants","Expense","35.37","Julia","Venmo","Jooliah3","",""
"DEMO-00410","2025-10-07","Cinema Plus","event tickets","Entertainment","Hobbies & Games","Expense","56.63","John","Card","Robinhood Gold","",""
"DEMO-00411","2025-10-08","Bakery Lane","breakfast","Food & Dining","Coffee & Snacks","Expense","7.17","Julia","Card","BoA","",""
"DEMO-00412","2025-10-10","Cedar Health","semi-monthly salary","Income","Salary","Income","1800","Julia","Bank Transfer","BoA Checking","",""
"DEMO-00413","2025-10-10","Cinema Plus","game purchase","Entertainment","Hobbies & Games","Expense","67.5","Julia","Card","Chase","",""
"DEMO-00414","2025-10-11","Bakery Lane","breakfast","Food & Dining","Coffee & Snacks","Expense","15.73","Julia","Card","American Airlines","",""
"DEMO-00415","2025-10-12","Mobile Connect","mobile phone bill","Housing","Internet & Phone","Expense","96","Julia","Card","BoA","",""
"DEMO-00416","2025-10-13","Noodle Works","dinner","Food & Dining","Restaurants","Expense","34.76","Julia","Card","American Airlines","",""
"DEMO-00417","2025-10-13","Deli Corner","takeout","Food & Dining","Restaurants","Expense","32.47","John","Card","Capital One QS","",""
"DEMO-00418","2025-10-14","StreamFlix","streaming subscription","Entertainment","Streaming","Expense","17.99","John","Card","Capital One QS","",""
"DEMO-00419","2025-10-14","Market Square","general retail purchase","Shopping & Household","General Retail","Expense","30.2","Julia","Card","BoA","",""
"DEMO-00420","2025-10-16","CloudBox","cloud storage subscription","Technology & Subscriptions","Digital Services","Expense","11.99","John","Card","Capital One QS","",""
"DEMO-00421","2025-10-16","Neighborhood Grocer","groceries and household staples","Food & Dining","Groceries","Expense","76.95","Julia","Card","Chase","",""
"DEMO-00422","2025-10-16","Bakery Lane","breakfast","Food & Dining","Coffee & Snacks","Expense","14.2","Julia","Card","BoA","",""
"DEMO-00423","2025-10-16","FuelStop","gas fill-up","Transportation","Fuel","Expense","48.16","Julia","Card","Chase","",""
"DEMO-00424","2025-10-17","Deli Corner","takeout","Food & Dining","Restaurants","Expense","63.79","Julia","Card","BoA","",""
"DEMO-00425","2025-10-17","Cafe Morning","coffee","Food & Dining","Coffee & Snacks","Expense","14.11","Julia","Card","Chase","",""
"DEMO-00426","2025-10-17","Paws & Co","pet food and supplies","Pets","Food & Supplies","Expense","44.42","Julia","Card","BoA","",""
"DEMO-00427","2025-10-17","Local Service","miscellaneous household service","Other","To Review","Expense","97.9","John","Card","Robinhood Gold","",""
"DEMO-00428","2025-10-18","Neighborhood Grocer","groceries and household staples","Food & Dining","Groceries","Expense","109.15","Julia","Card","American Airlines","",""
"DEMO-00429","2025-10-18","Deli Corner","takeout","Food & Dining","Restaurants","Expense","55.01","Julia","Card","BoA","",""
"DEMO-00430","2025-10-20","Northstar Systems","semi-monthly salary","Income","Salary","Income","2375","John","Bank Transfer","TD Checking","",""
"DEMO-00431","2025-10-20","Home Essentials","household items","Shopping & Household","Household","Expense","147.59","Julia","Card","BoA","",""
"DEMO-00432","2025-10-21","Neighborhood Grocer","groceries and household staples","Food & Dining","Groceries","Expense","114.61","Julia","Card","American Airlines","",""
"DEMO-00433","2025-10-25","Cedar Health","semi-monthly salary","Income","Salary","Income","1800","Julia","Bank Transfer","BoA Checking","",""
"DEMO-00434","2025-10-27","FuelStop","gas fill-up","Transportation","Fuel","Expense","46.51","Julia","Card","American Airlines","",""
"DEMO-00435","2025-11-01","Maplewood Apartments","monthly rent","Housing","Rent","Expense","1650","John","Bank Transfer","TD Checking","",""
"DEMO-00436","2025-11-03","City Utilities","electric and water utility bill","Housing","Utilities","Expense","159.21","Julia","Card","BoA","",""
"DEMO-00437","2025-11-03","Noodle Works","dinner","Food & Dining","Restaurants","Expense","55.71","Julia","Card","American Airlines","",""
"DEMO-00438","2025-11-05","Northstar Systems","semi-monthly salary","Income","Salary","Income","2300","John","Bank Transfer","TD Checking","",""
"DEMO-00439","2025-11-06","Cafe Morning","coffee","Food & Dining","Coffee & Snacks","Expense","15.64","John","Card","Robinhood Gold","",""
"DEMO-00440","2025-11-06","City Events","game purchase","Entertainment","Hobbies & Games","Expense","41.91","John","Card","Robinhood Gold","",""
"DEMO-00441","2025-11-07","FiberLink","home internet","Housing","Internet & Phone","Expense","69.99","John","Card","Robinhood Gold","",""
"DEMO-00442","2025-11-08","FuelStop","gas fill-up","Transportation","Fuel","Expense","70.98","John","Card","Capital One QS","",""
"DEMO-00443","2025-11-09","Neighborhood Grocer","groceries and household staples","Food & Dining","Groceries","Expense","138.14","Julia","Card","BoA","",""
"DEMO-00444","2025-11-09","Market Square","general retail purchase","Shopping & Household","General Retail","Expense","131.86","Julia","Card","American Airlines","",""
"DEMO-00445","2025-11-09","Paws & Co","pet food and supplies","Pets","Food & Supplies","Expense","78.37","John","Card","Robinhood Gold","",""
"DEMO-00446","2025-11-10","Cedar Health","semi-monthly salary","Income","Salary","Income","1750","Julia","Bank Transfer","BoA Checking","",""
"DEMO-00447","2025-11-12","Mobile Connect","mobile phone bill","Housing","Internet & Phone","Expense","96","Julia","Card","BoA","",""
"DEMO-00448","2025-11-12","Lakeview Bistro","dinner","Food & Dining","Restaurants","Expense","61.01","John","Card","Robinhood Gold","",""
"DEMO-00449","2025-11-13","Neighborhood Grocer","groceries and household staples","Food & Dining","Groceries","Expense","111.19","Julia","Card","BoA","",""
"DEMO-00450","2025-11-13","City Events","movie tickets","Entertainment","Events","Expense","70.6","John","Card","Citizens Bank","",""
"DEMO-00451","2025-11-14","StreamFlix","streaming subscription","Entertainment","Streaming","Expense","17.99","John","Card","Capital One QS","",""
"DEMO-00452","2025-11-14","FuelStop","gas fill-up","Transportation","Fuel","Expense","39.82","Julia","Card","BoA","",""
"DEMO-00453","2025-11-16","CloudBox","cloud storage subscription","Technology & Subscriptions","Digital Services","Expense","11.99","John","Card","Capital One QS","",""
"DEMO-00454","2025-11-17","Happy Tails Vet","routine veterinary visit","Pets","Veterinary & Grooming","Expense","188.06","Julia","Card","American Airlines","",""
"DEMO-00455","2025-11-17","Pharmacy Corner","pharmacy purchase","Health & Personal Care","Pharmacy","Expense","43.72","Julia","Card","Chase","",""
"DEMO-00456","2025-11-18","Home Essentials","household items","Shopping & Household","Household","Expense","108.93","John","Card","Robinhood Gold","",""
"DEMO-00457","2025-11-18","Family Clinic","medical appointment","Health & Personal Care","Medical","Expense","104.6","John","Card","Robinhood Gold","",""
"DEMO-00458","2025-11-19","FreshFields Market","weekly groceries","Food & Dining","Groceries","Expense","79.83","John","Card","Citizens Bank","",""
"DEMO-00459","2025-11-20","Northstar Systems","semi-monthly salary","Income","Salary","Income","2300","John","Bank Transfer","TD Checking","",""
"DEMO-00460","2025-11-20","Bean Street","coffee and pastry","Food & Dining","Coffee & Snacks","Expense","13.67","John","Card","Capital One QS","",""
"DEMO-00461","2025-11-21","Neighborhood Grocer","groceries and household staples","Food & Dining","Groceries","Expense","111.87","John","Card","Capital One QS","",""
"DEMO-00462","2025-11-21","FuelStop","gas fill-up","Transportation","Fuel","Expense","64.24","Julia","Card","BoA","",""
"DEMO-00463","2025-11-22","Neighborhood Grocer","groceries and household staples","Food & Dining","Groceries","Expense","124.3","Julia","Card","BoA","",""
"DEMO-00464","2025-11-23","Home Essentials","household items","Shopping & Household","Household","Expense","62.28","Julia","Card","Chase","",""
"DEMO-00465","2025-11-24","Taco House","lunch","Food & Dining","Restaurants","Expense","40.71","John","Card","Robinhood Gold","",""
"DEMO-00466","2025-11-25","Cedar Health","semi-monthly salary","Income","Salary","Income","1750","Julia","Bank Transfer","BoA Checking","",""
"DEMO-00467","2025-11-26","Market Square","general retail purchase","Shopping & Household","General Retail","Expense","73.01","Julia","Card","American Airlines","",""
"DEMO-00468","2025-11-28","Market Square","refund for general retail purchase","Shopping & Household","General Retail","Refund","73.01","Julia","Card","American Airlines","DEMO-00467","Synthetic refund for dashboard testing."
"DEMO-00469","2025-12-01","Maplewood Apartments","monthly rent","Housing","Rent","Expense","1650","John","Bank Transfer","TD Checking","",""
"DEMO-00470","2025-12-03","City Utilities","electric and water utility bill","Housing","Utilities","Expense","184.6","Julia","Card","BoA","",""
"DEMO-00471","2025-12-03","FuelStop","gas fill-up","Transportation","Fuel","Expense","56.73","Julia","Card","Chase","",""
"DEMO-00472","2025-12-03","Paws & Co","pet food and supplies","Pets","Food & Supplies","Expense","45.63","John","Card","Citizens Bank","",""
"DEMO-00473","2025-12-04","FuelStop","gas fill-up","Transportation","Fuel","Expense","37.87","Julia","Card","Chase","",""
"DEMO-00474","2025-12-05","Northstar Systems","semi-monthly salary","Income","Salary","Income","2300","John","Bank Transfer","TD Checking","",""
"DEMO-00475","2025-12-07","FiberLink","home internet","Housing","Internet & Phone","Expense","69.99","John","Card","Robinhood Gold","",""
"DEMO-00476","2025-12-07","RideNow","rideshare trip","Transportation","Rideshare & Transit","Expense","17.33","Julia","Card","BoA","",""
"DEMO-00477","2025-12-08","FreshFields Market","weekly groceries","Food & Dining","Groceries","Expense","111.69","Julia","Card","Chase","",""
"DEMO-00478","2025-12-08","Mountain Lodge","weekend lodging","Travel","Lodging","Expense","416.99","Julia","Card","Chase","",""
"DEMO-00479","2025-12-09","Bean Street","coffee and pastry","Food & Dining","Coffee & Snacks","Expense","11.27","John","Card","Robinhood Gold","",""
"DEMO-00480","2025-12-09","RailLine","travel transportation","Travel","Travel Transport","Expense","235.83","John","Card","Robinhood Gold","",""
"DEMO-00481","2025-12-10","Cedar Health","semi-monthly salary","Income","Salary","Income","1750","Julia","Bank Transfer","BoA Checking","",""
"DEMO-00482","2025-12-10","Trip Activities","travel activities","Travel","Activities","Expense","144.24","John","Card","Capital One QS","",""
"DEMO-00483","2025-12-12","Mobile Connect","mobile phone bill","Housing","Internet & Phone","Expense","96","Julia","Card","BoA","",""
"DEMO-00484","2025-12-12","Deli Corner","takeout","Food & Dining","Restaurants","Expense","31.55","John","Card","Robinhood Gold","",""
"DEMO-00485","2025-12-13","Lakeview Bistro","dinner","Food & Dining","Restaurants","Expense","71.08","John","Card","Citizens Bank","",""
"DEMO-00486","2025-12-14","StreamFlix","streaming subscription","Entertainment","Streaming","Expense","17.99","John","Card","Capital One QS","",""
"DEMO-00487","2025-12-14","Market Square","general retail purchase","Shopping & Household","General Retail","Expense","54.22","John","Card","Robinhood Gold","",""
"DEMO-00488","2025-12-15","FreshFields Market","weekly groceries","Food & Dining","Groceries","Expense","133.56","John","Card","Capital One QS","",""
"DEMO-00489","2025-12-15","Taco House","lunch","Food & Dining","Restaurants","Expense","65.86","John","Card","Robinhood Gold","",""
"DEMO-00490","2025-12-16","CloudBox","cloud storage subscription","Technology & Subscriptions","Digital Services","Expense","11.99","John","Card","Capital One QS","",""
"DEMO-00491","2025-12-16","Game Corner","game purchase","Entertainment","Hobbies & Games","Expense","50.47","Julia","Card","Chase","",""
"DEMO-00492","2025-12-17","FreshFields Market","weekly groceries","Food & Dining","Groceries","Expense","89.95","Julia","Card","Chase","",""
"DEMO-00493","2025-12-17","Noodle Works","dinner","Food & Dining","Restaurants","Expense","76.24","Julia","Card","American Airlines","",""
"DEMO-00494","2025-12-17","Gift Corner","holiday gifts","Gifts & Giving","Gifts","Expense","255.15","Julia","Card","Chase","",""
"DEMO-00495","2025-12-20","Northstar Systems","semi-monthly salary","Income","Salary","Income","2300","John","Bank Transfer","TD Checking","",""
"DEMO-00496","2025-12-22","Game Corner","game purchase","Entertainment","Events","Expense","88.74","Julia","Card","American Airlines","",""
"DEMO-00497","2025-12-24","Noodle Works","dinner","Food & Dining","Restaurants","Expense","38.47","John","Card","Robinhood Gold","",""
"DEMO-00498","2025-12-24","Bakery Lane","breakfast","Food & Dining","Coffee & Snacks","Expense","14.46","John","Card","Capital One QS","",""
"DEMO-00499","2025-12-25","Cedar Health","semi-monthly salary","Income","Salary","Income","1750","Julia","Bank Transfer","BoA Checking","",""
"DEMO-00500","2025-12-25","Warehouse Club","bulk groceries","Food & Dining","Groceries","Expense","133.42","John","Card","Capital One QS","",""
"DEMO-00501","2025-12-26","Tech Outlet","small electronics accessory","Shopping & Household","Electronics","Expense","62.16","Julia","Card","American Airlines","",""
"DEMO-00502","2025-12-27","FuelStop","gas fill-up","Transportation","Fuel","Expense","44.68","Julia","Card","American Airlines","",""
"DEMO-00503","2025-12-28","TD Bank","savings interest","Income","Interest","Income","11.44","John","Bank Transfer","TD Savings","",""
"DEMO-00504","2026-01-01","Maplewood Apartments","monthly rent","Housing","Rent","Expense","1725","John","Bank Transfer","TD Checking","",""
"DEMO-00505","2026-01-03","City Utilities","electric and water utility bill","Housing","Utilities","Expense","202.32","Julia","Card","BoA","",""
"DEMO-00506","2026-01-03","Lakeview Bistro","dinner","Food & Dining","Restaurants","Expense","75.58","Julia","Card","BoA","",""
"DEMO-00507","2026-01-03","Lakeview Bistro","dinner","Food & Dining","Restaurants","Expense","49.88","Julia","Card","BoA","",""
"DEMO-00508","2026-01-03","Paws & Co","pet food and supplies","Pets","Food & Supplies","Expense","46.75","Julia","Card","BoA","",""
"DEMO-00509","2026-01-05","Northstar Systems","semi-monthly salary","Income","Salary","Income","2300","John","Bank Transfer","TD Checking","",""
"DEMO-00510","2026-01-05","Local Service","miscellaneous household service","Other","To Review","Expense","84.37","Julia","Card","BoA","",""
"DEMO-00511","2026-01-07","FiberLink","home internet","Housing","Internet & Phone","Expense","69.99","John","Card","Robinhood Gold","",""
"DEMO-00512","2026-01-10","Cedar Health","semi-monthly salary","Income","Salary","Income","1750","Julia","Bank Transfer","BoA Checking","",""
"DEMO-00513","2026-01-11","Warehouse Club","bulk groceries","Food & Dining","Groceries","Expense","117.61","Julia","Card","Chase","",""
"DEMO-00514","2026-01-11","Cafe Morning","coffee","Food & Dining","Coffee & Snacks","Expense","11.98","Julia","Card","American Airlines","",""
"DEMO-00515","2026-01-12","Mobile Connect","mobile phone bill","Housing","Internet & Phone","Expense","96","Julia","Card","BoA","",""
"DEMO-00516","2026-01-12","FreshFields Market","weekly groceries","Food & Dining","Groceries","Expense","88.71","John","Card","Capital One QS","",""
"DEMO-00517","2026-01-13","FuelStop","gas fill-up","Transportation","Fuel","Expense","53.41","John","Card","Capital One QS","",""
"DEMO-00518","2026-01-13","FuelStop","gas fill-up","Transportation","Fuel","Expense","38.3","Julia","Card","American Airlines","",""
"DEMO-00519","2026-01-14","StreamFlix","streaming subscription","Entertainment","Streaming","Expense","17.99","John","Card","Capital One QS","",""
"DEMO-00520","2026-01-14","Market Square","general retail purchase","Shopping & Household","General Retail","Expense","90.75","Julia","Card","BoA","",""
"DEMO-00521","2026-01-15","Cafe Morning","coffee","Food & Dining","Coffee & Snacks","Expense","14.68","John","Card","Citizens Bank","",""
"DEMO-00522","2026-01-15","Pharmacy Corner","pharmacy purchase","Health & Personal Care","Pharmacy","Expense","41.7","Julia","Card","American Airlines","",""
"DEMO-00523","2026-01-16","CloudBox","cloud storage subscription","Technology & Subscriptions","Digital Services","Expense","11.99","John","Card","Capital One QS","",""
"DEMO-00524","2026-01-16","FuelStop","gas fill-up","Transportation","Fuel","Expense","57.6","John","Card","Robinhood Gold","",""
"DEMO-00525","2026-01-20","Northstar Systems","semi-monthly salary","Income","Salary","Income","2300","John","Bank Transfer","TD Checking","",""
"DEMO-00526","2026-01-21","Cinema Plus","movie tickets","Entertainment","Hobbies & Games","Expense","57.08","John","Card","Citizens Bank","",""
"DEMO-00527","2026-01-21","City Events","event tickets","Entertainment","Events","Expense","31.26","Julia","Card","BoA","",""
"DEMO-00528","2026-01-22","Neighborhood Grocer","groceries and household staples","Food & Dining","Groceries","Expense","52.08","Julia","Card","American Airlines","",""
"DEMO-00529","2026-01-23","Tech Outlet","small electronics accessory","Shopping & Household","Electronics","Expense","80.94","Julia","Card","BoA","",""
"DEMO-00530","2026-01-24","Deli Corner","takeout","Food & Dining","Restaurants","Expense","19.2","John","Card","Robinhood Gold","",""
"DEMO-00531","2026-01-25","Cedar Health","semi-monthly salary","Income","Salary","Income","1750","Julia","Bank Transfer","BoA Checking","",""
"DEMO-00532","2026-01-25","FreshFields Market","weekly groceries","Food & Dining","Groceries","Expense","112.32","Julia","Card","BoA","",""
"DEMO-00533","2026-01-25","Taco House","lunch","Food & Dining","Restaurants","Expense","29.7","Julia","Card","Chase","",""
"DEMO-00534","2026-01-26","Tech Outlet","small electronics accessory","Shopping & Household","Electronics","Expense","108.62","Julia","Card","Chase","",""
"DEMO-00535","2026-01-27","Style Harbor","clothing purchase","Shopping & Household","Clothing","Expense","83.96","John","Card","Capital One QS","",""
"DEMO-00536","2026-02-01","Maplewood Apartments","monthly rent","Housing","Rent","Expense","1725","John","Bank Transfer","TD Checking","",""
"DEMO-00537","2026-02-02","Neighborhood Grocer","groceries and household staples","Food & Dining","Groceries","Expense","88.47","John","Card","Citizens Bank","",""
"DEMO-00538","2026-02-02","FreshFields Market","weekly groceries","Food & Dining","Groceries","Expense","54.93","John","Card","Citizens Bank","",""
"DEMO-00539","2026-02-03","City Utilities","electric and water utility bill","Housing","Utilities","Expense","190.85","Julia","Card","BoA","",""
"DEMO-00540","2026-02-04","Neighborhood Grocer","groceries and household staples","Food & Dining","Groceries","Expense","120.15","John","Card","Capital One QS","",""
"DEMO-00541","2026-02-05","Northstar Systems","semi-monthly salary","Income","Salary","Income","2300","John","Bank Transfer","TD Checking","",""
"DEMO-00542","2026-02-06","Lakeview Bistro","dinner","Food & Dining","Restaurants","Expense","40.6","John","Card","Robinhood Gold","",""
"DEMO-00543","2026-02-07","FiberLink","home internet","Housing","Internet & Phone","Expense","69.99","John","Card","Robinhood Gold","",""
"DEMO-00544","2026-02-07","Cinema Plus","game purchase","Entertainment","Events","Expense","27.15","John","Card","Robinhood Gold","",""
"DEMO-00545","2026-02-08","FuelStop","gas fill-up","Transportation","Fuel","Expense","73.03","John","Card","Citizens Bank","",""
"DEMO-00546","2026-02-08","Tech Outlet","small electronics accessory","Shopping & Household","Electronics","Expense","59.57","John","Card","Citizens Bank","",""
"DEMO-00547","2026-02-10","Cedar Health","semi-monthly salary","Income","Salary","Income","1800","Julia","Bank Transfer","BoA Checking","",""
"DEMO-00548","2026-02-10","Warehouse Club","bulk groceries","Food & Dining","Groceries","Expense","103.84","John","Card","Robinhood Gold","",""
"DEMO-00549","2026-02-12","Mobile Connect","mobile phone bill","Housing","Internet & Phone","Expense","96","Julia","Card","BoA","",""
"DEMO-00550","2026-02-12","Lakeview Bistro","dinner","Food & Dining","Restaurants","Expense","42.85","Julia","Card","BoA","",""
"DEMO-00551","2026-02-13","Bean Street","coffee and pastry","Food & Dining","Coffee & Snacks","Expense","9.93","John","Card","Robinhood Gold","",""
"DEMO-00552","2026-02-14","StreamFlix","streaming subscription","Entertainment","Streaming","Expense","17.99","John","Card","Capital One QS","",""
"DEMO-00553","2026-02-14","Deli Corner","takeout","Food & Dining","Restaurants","Expense","40.24","John","Card","Capital One QS","",""
"DEMO-00554","2026-02-14","FuelStop","gas fill-up","Transportation","Fuel","Expense","64.35","John","Card","Robinhood Gold","",""
"DEMO-00555","2026-02-14","RideNow","rideshare trip","Transportation","Rideshare & Transit","Expense","27.23","Julia","Card","Chase","",""
"DEMO-00556","2026-02-16","CloudBox","cloud storage subscription","Technology & Subscriptions","Digital Services","Expense","11.99","John","Card","Capital One QS","",""
"DEMO-00557","2026-02-16","Noodle Works","dinner","Food & Dining","Restaurants","Expense","61.18","Julia","Card","American Airlines","",""
"DEMO-00558","2026-02-16","Home Essentials","household items","Shopping & Household","Household","Expense","79.49","Julia","Card","BoA","",""
"DEMO-00559","2026-02-18","Style Harbor","clothing purchase","Shopping & Household","Clothing","Expense","133","John","Card","Capital One QS","",""
"DEMO-00560","2026-02-20","Northstar Systems","semi-monthly salary","Income","Salary","Income","2300","John","Bank Transfer","TD Checking","",""
"DEMO-00561","2026-02-21","Paws & Co","pet food and supplies","Pets","Food & Supplies","Expense","72.59","Julia","Card","American Airlines","",""
"DEMO-00562","2026-02-23","Cafe Morning","coffee","Food & Dining","Coffee & Snacks","Expense","9.46","John","Card","Citizens Bank","",""
"DEMO-00563","2026-02-23","FuelStop","gas fill-up","Transportation","Fuel","Expense","43.75","Julia","Card","Chase","",""
"DEMO-00564","2026-02-25","Cedar Health","semi-monthly salary","Income","Salary","Income","1800","Julia","Bank Transfer","BoA Checking","",""
"DEMO-00565","2026-02-25","Lakeview Bistro","dinner","Food & Dining","Restaurants","Expense","27.59","Julia","Venmo","Jooliah3","",""
"DEMO-00566","2026-02-27","Freelance Client","analytics consulting project","Income","Freelance","Income","554.93","John","Bank Transfer","TD Checking","",""
"DEMO-00567","2026-02-27","Tech Outlet","small electronics accessory","Shopping & Household","Electronics","Expense","78.31","Julia","Card","BoA","",""
"DEMO-00568","2026-03-01","Maplewood Apartments","monthly rent","Housing","Rent","Expense","1725","John","Bank Transfer","TD Checking","",""
"DEMO-00569","2026-03-02","Noodle Works","dinner","Food & Dining","Restaurants","Expense","45.53","John","Venmo","JohnDaang","",""
"DEMO-00570","2026-03-03","City Utilities","electric and water utility bill","Housing","Utilities","Expense","175.1","Julia","Card","BoA","",""
"DEMO-00571","2026-03-04","Game Corner","event tickets","Entertainment","Events","Expense","39.88","John","Card","Capital One QS","",""
"DEMO-00572","2026-03-05","Northstar Systems","semi-monthly salary","Income","Salary","Income","2300","John","Bank Transfer","TD Checking","",""
"DEMO-00573","2026-03-06","Market Square","general retail purchase","Shopping & Household","General Retail","Expense","24.3","John","Card","Capital One QS","",""
"DEMO-00574","2026-03-06","Paws & Co","pet food and supplies","Pets","Food & Supplies","Expense","76.32","Julia","Card","American Airlines","",""
"DEMO-00575","2026-03-07","FiberLink","home internet","Housing","Internet & Phone","Expense","69.99","John","Card","Robinhood Gold","",""
"DEMO-00576","2026-03-08","Taco House","lunch","Food & Dining","Restaurants","Expense","65.06","John","Card","Capital One QS","",""
"DEMO-00577","2026-03-10","Cedar Health","semi-monthly salary","Income","Salary","Income","1750","Julia","Bank Transfer","BoA Checking","",""
"DEMO-00578","2026-03-10","Taco House","lunch","Food & Dining","Restaurants","Expense","34.52","Julia","Card","Chase","",""
"DEMO-00579","2026-03-12","Mobile Connect","mobile phone bill","Housing","Internet & Phone","Expense","96","Julia","Card","BoA","",""
"DEMO-00580","2026-03-13","FuelStop","gas fill-up","Transportation","Fuel","Expense","47.69","Julia","Card","American Airlines","",""
"DEMO-00581","2026-03-14","StreamFlix","streaming subscription","Entertainment","Streaming","Expense","17.99","John","Card","Capital One QS","",""
"DEMO-00582","2026-03-14","FreshFields Market","weekly groceries","Food & Dining","Groceries","Expense","60.18","John","Card","Capital One QS","",""
"DEMO-00583","2026-03-14","Warehouse Club","bulk groceries","Food & Dining","Groceries","Expense","109.53","John","Card","Citizens Bank","",""
"DEMO-00584","2026-03-14","Happy Tails Vet","routine veterinary visit","Pets","Veterinary & Grooming","Expense","101.09","Julia","Card","Chase","",""
"DEMO-00585","2026-03-14","Pharmacy Corner","pharmacy purchase","Health & Personal Care","Pharmacy","Expense","13.09","John","Card","Robinhood Gold","",""
"DEMO-00586","2026-03-16","CloudBox","cloud storage subscription","Technology & Subscriptions","Digital Services","Expense","11.99","John","Card","Capital One QS","",""
"DEMO-00587","2026-03-19","Neighborhood Grocer","groceries and household staples","Food & Dining","Groceries","Expense","141.64","John","Card","Capital One QS","",""
"DEMO-00588","2026-03-20","Northstar Systems","semi-monthly salary","Income","Salary","Income","2300","John","Bank Transfer","TD Checking","",""
"DEMO-00589","2026-03-20","Warehouse Club","bulk groceries","Food & Dining","Groceries","Expense","53.78","Julia","Card","BoA","",""
"DEMO-00590","2026-03-21","FuelStop","gas fill-up","Transportation","Fuel","Expense","72.28","Julia","Card","Chase","",""
"DEMO-00591","2026-03-22","Noodle Works","dinner","Food & Dining","Restaurants","Expense","69.93","Julia","Card","Chase","",""
"DEMO-00592","2026-03-22","Style Harbor","clothing purchase","Shopping & Household","Clothing","Expense","76.99","John","Card","Robinhood Gold","",""
"DEMO-00593","2026-03-22","Style Harbor","clothing purchase","Shopping & Household","Clothing","Expense","36.88","Julia","Card","BoA","",""
"DEMO-00594","2026-03-23","Bean Street","coffee and pastry","Food & Dining","Coffee & Snacks","Expense","13.88","Julia","Card","American Airlines","",""
"DEMO-00595","2026-03-25","Cedar Health","semi-monthly salary","Income","Salary","Income","1750","Julia","Bank Transfer","BoA Checking","",""
"DEMO-00596","2026-03-25","Bakery Lane","breakfast","Food & Dining","Coffee & Snacks","Expense","11.79","Julia","Card","American Airlines","",""
"DEMO-00597","2026-03-26","Cafe Morning","coffee","Food & Dining","Coffee & Snacks","Expense","16.16","Julia","Card","BoA","",""
"DEMO-00598","2026-03-27","Neighborhood Grocer","groceries and household staples","Food & Dining","Groceries","Expense","74.51","John","Card","Capital One QS","",""
"DEMO-00599","2026-03-27","Deli Corner","takeout","Food & Dining","Restaurants","Expense","32.83","Julia","Card","American Airlines","",""
"DEMO-00600","2026-03-28","TD Bank","savings interest","Income","Interest","Income","10.62","John","Bank Transfer","TD Savings","",""
"DEMO-00601","2026-03-28","Style Harbor","refund for clothing purchase","Shopping & Household","Clothing","Refund","76.99","John","Card","Robinhood Gold","DEMO-00592","Synthetic refund for dashboard testing."
"DEMO-00602","2026-04-01","Maplewood Apartments","monthly rent","Housing","Rent","Expense","1725","John","Bank Transfer","TD Checking","",""
"DEMO-00603","2026-04-02","FreshFields Market","weekly groceries","Food & Dining","Groceries","Expense","69.45","John","Card","Capital One QS","",""
"DEMO-00604","2026-04-03","City Utilities","electric and water utility bill","Housing","Utilities","Expense","147.22","Julia","Card","BoA","",""
"DEMO-00605","2026-04-03","Home Essentials","household items","Shopping & Household","Household","Expense","24.48","Julia","Card","Chase","",""
"DEMO-00606","2026-04-03","Style Harbor","clothing purchase","Shopping & Household","Clothing","Expense","29.89","John","Card","Capital One QS","",""
"DEMO-00607","2026-04-04","Bakery Lane","breakfast","Food & Dining","Coffee & Snacks","Expense","15.57","Julia","Card","BoA","",""
"DEMO-00608","2026-04-04","Cinema Plus","game purchase","Entertainment","Hobbies & Games","Expense","79.57","John","Card","Capital One QS","",""
"DEMO-00609","2026-04-05","Northstar Systems","semi-monthly salary","Income","Salary","Income","2375","John","Bank Transfer","TD Checking","",""
"DEMO-00610","2026-04-06","Cafe Morning","coffee","Food & Dining","Coffee & Snacks","Expense","5.6","John","Card","Citizens Bank","",""
"DEMO-00611","2026-04-07","FiberLink","home internet","Housing","Internet & Phone","Expense","69.99","John","Card","Robinhood Gold","",""
"DEMO-00612","2026-04-10","Cedar Health","semi-monthly salary","Income","Salary","Income","1750","Julia","Bank Transfer","BoA Checking","",""
"DEMO-00613","2026-04-10","Noodle Works","dinner","Food & Dining","Restaurants","Expense","45.15","Julia","Card","American Airlines","",""
"DEMO-00614","2026-04-10","Paws & Co","pet food and supplies","Pets","Food & Supplies","Expense","52.15","John","Card","Citizens Bank","",""
"DEMO-00615","2026-04-11","FuelStop","gas fill-up","Transportation","Fuel","Expense","63.38","John","Card","Citizens Bank","",""
"DEMO-00616","2026-04-12","Mobile Connect","mobile phone bill","Housing","Internet & Phone","Expense","96","Julia","Card","BoA","",""
"DEMO-00617","2026-04-13","Taco House","lunch","Food & Dining","Restaurants","Expense","34.89","John","Card","Citizens Bank","",""
"DEMO-00618","2026-04-14","StreamFlix","streaming subscription","Entertainment","Streaming","Expense","17.99","John","Card","Capital One QS","",""
"DEMO-00619","2026-04-14","FreshFields Market","weekly groceries","Food & Dining","Groceries","Expense","144.84","Julia","Card","Chase","",""
"DEMO-00620","2026-04-14","Taco House","lunch","Food & Dining","Restaurants","Expense","55.17","Julia","Card","BoA","",""
"DEMO-00621","2026-04-15","RideNow","rideshare trip","Transportation","Rideshare & Transit","Expense","39.04","John","Card","Capital One QS","",""
"DEMO-00622","2026-04-16","CloudBox","cloud storage subscription","Technology & Subscriptions","Digital Services","Expense","11.99","John","Card","Capital One QS","",""
"DEMO-00623","2026-04-18","FuelStop","gas fill-up","Transportation","Fuel","Expense","40.53","Julia","Card","BoA","",""
"DEMO-00624","2026-04-18","Family Clinic","medical appointment","Health & Personal Care","Medical","Expense","63.47","John","Card","Robinhood Gold","",""
"DEMO-00625","2026-04-19","FreshFields Market","weekly groceries","Food & Dining","Groceries","Expense","58.62","Julia","Card","American Airlines","",""
"DEMO-00626","2026-04-19","FreshFields Market","weekly groceries","Food & Dining","Groceries","Expense","133.39","Julia","Card","Chase","",""
"DEMO-00627","2026-04-19","Local Service","miscellaneous household service","Other","To Review","Expense","88.24","John","Card","Robinhood Gold","",""
"DEMO-00628","2026-04-20","Northstar Systems","semi-monthly salary","Income","Salary","Income","2375","John","Bank Transfer","TD Checking","",""
"DEMO-00629","2026-04-22","Deli Corner","takeout","Food & Dining","Restaurants","Expense","70.07","Julia","Card","American Airlines","",""
"DEMO-00630","2026-04-22","City Events","event tickets","Entertainment","Events","Expense","19","Julia","Card","BoA","",""
"DEMO-00631","2026-04-25","Cedar Health","semi-monthly salary","Income","Salary","Income","1750","Julia","Bank Transfer","BoA Checking","",""
"DEMO-00632","2026-04-25","Bakery Lane","breakfast","Food & Dining","Coffee & Snacks","Expense","13.41","John","Card","Robinhood Gold","",""
"DEMO-00633","2026-05-01","Maplewood Apartments","monthly rent","Housing","Rent","Expense","1725","John","Bank Transfer","TD Checking","",""
"DEMO-00634","2026-05-02","FreshFields Market","weekly groceries","Food & Dining","Groceries","Expense","100.88","Julia","Card","BoA","",""
"DEMO-00635","2026-05-03","City Utilities","electric and water utility bill","Housing","Utilities","Expense","205.01","Julia","Card","BoA","",""
"DEMO-00636","2026-05-03","FreshFields Market","weekly groceries","Food & Dining","Groceries","Expense","123.36","John","Card","Capital One QS","",""
"DEMO-00637","2026-05-03","Deli Corner","takeout","Food & Dining","Restaurants","Expense","23.18","Julia","Card","Chase","",""
"DEMO-00638","2026-05-04","Warehouse Club","bulk groceries","Food & Dining","Groceries","Expense","144.61","John","Card","Capital One QS","",""
"DEMO-00639","2026-05-04","Cafe Morning","coffee","Food & Dining","Coffee & Snacks","Expense","13.54","John","Card","Citizens Bank","",""
"DEMO-00640","2026-05-05","Northstar Systems","semi-monthly salary","Income","Salary","Income","2300","John","Bank Transfer","TD Checking","",""
"DEMO-00641","2026-05-07","FiberLink","home internet","Housing","Internet & Phone","Expense","69.99","John","Card","Robinhood Gold","",""
"DEMO-00642","2026-05-07","Paws & Co","pet food and supplies","Pets","Food & Supplies","Expense","66.67","Julia","Card","BoA","",""
"DEMO-00643","2026-05-08","Noodle Works","dinner","Food & Dining","Restaurants","Expense","45.65","Julia","Card","BoA","",""
"DEMO-00644","2026-05-09","Cafe Morning","coffee","Food & Dining","Coffee & Snacks","Expense","14.39","Julia","Card","Chase","",""
"DEMO-00645","2026-05-09","FuelStop","gas fill-up","Transportation","Fuel","Expense","46.71","Julia","Card","Chase","",""
"DEMO-00646","2026-05-10","Cedar Health","semi-monthly salary","Income","Salary","Income","1750","Julia","Bank Transfer","BoA Checking","",""
"DEMO-00647","2026-05-11","Taco House","lunch","Food & Dining","Restaurants","Expense","23.38","Julia","Card","American Airlines","",""
"DEMO-00648","2026-05-12","Mobile Connect","mobile phone bill","Housing","Internet & Phone","Expense","96","Julia","Card","BoA","",""
"DEMO-00649","2026-05-13","Deli Corner","takeout","Food & Dining","Restaurants","Expense","50.94","Julia","Card","BoA","",""
"DEMO-00650","2026-05-13","Pharmacy Corner","pharmacy purchase","Health & Personal Care","Pharmacy","Expense","14.06","Julia","Card","American Airlines","",""
"DEMO-00651","2026-05-14","StreamFlix","streaming subscription","Entertainment","Streaming","Expense","17.99","John","Card","Capital One QS","",""
"DEMO-00652","2026-05-15","Deli Corner","takeout","Food & Dining","Restaurants","Expense","23.05","Julia","Card","American Airlines","",""
"DEMO-00653","2026-05-16","CloudBox","cloud storage subscription","Technology & Subscriptions","Digital Services","Expense","11.99","John","Card","Capital One QS","",""
"DEMO-00654","2026-05-16","Neighborhood Grocer","groceries and household staples","Food & Dining","Groceries","Expense","95.12","Julia","Card","Chase","",""
"DEMO-00655","2026-05-17","Neighborhood Grocer","groceries and household staples","Food & Dining","Groceries","Expense","85.22","Julia","Card","Chase","",""
"DEMO-00656","2026-05-18","Cinema Plus","movie tickets","Entertainment","Hobbies & Games","Expense","48.88","John","Card","Capital One QS","",""
"DEMO-00657","2026-05-20","Northstar Systems","semi-monthly salary","Income","Salary","Income","2300","John","Bank Transfer","TD Checking","",""
"DEMO-00658","2026-05-22","Bakery Lane","breakfast","Food & Dining","Coffee & Snacks","Expense","13.99","Julia","Card","American Airlines","",""
"DEMO-00659","2026-05-22","Tech Outlet","small electronics accessory","Shopping & Household","Electronics","Expense","34.28","John","Card","Capital One QS","",""
"DEMO-00660","2026-05-22","Market Square","general retail purchase","Shopping & Household","General Retail","Expense","41.22","John","Card","Capital One QS","",""
"DEMO-00661","2026-05-23","Noodle Works","dinner","Food & Dining","Restaurants","Expense","68.94","John","Card","Capital One QS","",""
"DEMO-00662","2026-05-25","Cedar Health","semi-monthly salary","Income","Salary","Income","1750","Julia","Bank Transfer","BoA Checking","",""
"DEMO-00663","2026-05-25","FuelStop","gas fill-up","Transportation","Fuel","Expense","68.22","John","Card","Citizens Bank","",""
"DEMO-00664","2026-05-27","Tech Outlet","small electronics accessory","Shopping & Household","Electronics","Expense","58.81","John","Card","Capital One QS","",""
"DEMO-00665","2026-06-01","Maplewood Apartments","monthly rent","Housing","Rent","Expense","1725","John","Bank Transfer","TD Checking","",""
"DEMO-00666","2026-06-03","City Utilities","electric and water utility bill","Housing","Utilities","Expense","195.1","Julia","Card","BoA","",""
"DEMO-00667","2026-06-03","Taco House","lunch","Food & Dining","Restaurants","Expense","22.7","Julia","Card","BoA","",""
"DEMO-00668","2026-06-04","Tech Outlet","small electronics accessory","Shopping & Household","Electronics","Expense","27.81","John","Card","Citizens Bank","",""
"DEMO-00669","2026-06-04","Market Square","general retail purchase","Shopping & Household","General Retail","Expense","143.99","John","Card","Robinhood Gold","",""
"DEMO-00670","2026-06-04","Home Essentials","household items","Shopping & Household","Household","Expense","142.02","Julia","Card","American Airlines","",""
"DEMO-00671","2026-06-05","Northstar Systems","semi-monthly salary","Income","Salary","Income","2300","John","Bank Transfer","TD Checking","",""
"DEMO-00672","2026-06-05","Deli Corner","takeout","Food & Dining","Restaurants","Expense","59.52","John","Card","Citizens Bank","",""
"DEMO-00673","2026-06-05","RideNow","rideshare trip","Transportation","Rideshare & Transit","Expense","34.21","John","Card","Citizens Bank","",""
"DEMO-00674","2026-06-07","FiberLink","home internet","Housing","Internet & Phone","Expense","69.99","John","Card","Robinhood Gold","",""
"DEMO-00675","2026-06-07","Lakeview Bistro","dinner","Food & Dining","Restaurants","Expense","25.87","Julia","Card","BoA","",""
"DEMO-00676","2026-06-07","FuelStop","gas fill-up","Transportation","Fuel","Expense","46.12","Julia","Card","American Airlines","",""
"DEMO-00677","2026-06-08","Harbor Hotel","weekend lodging","Travel","Lodging","Expense","313.29","Julia","Card","Chase","",""
"DEMO-00678","2026-06-09","FreshFields Market","weekly groceries","Food & Dining","Groceries","Expense","120.61","Julia","Card","Chase","",""
"DEMO-00679","2026-06-09","Game Corner","movie tickets","Entertainment","Hobbies & Games","Expense","90.43","John","Card","Robinhood Gold","",""
"DEMO-00680","2026-06-09","RailLine","travel transportation","Travel","Travel Transport","Expense","187.51","Julia","Card","American Airlines","",""
"DEMO-00681","2026-06-10","Cedar Health","semi-monthly salary","Income","Salary","Income","1800","Julia","Bank Transfer","BoA Checking","",""
"DEMO-00682","2026-06-10","Trip Activities","travel activities","Travel","Activities","Expense","100.4","Julia","Card","BoA","",""
"DEMO-00683","2026-06-12","Mobile Connect","mobile phone bill","Housing","Internet & Phone","Expense","96","Julia","Card","BoA","",""
"DEMO-00684","2026-06-13","FreshFields Market","weekly groceries","Food & Dining","Groceries","Expense","107.17","Julia","Card","American Airlines","",""
"DEMO-00685","2026-06-14","StreamFlix","streaming subscription","Entertainment","Streaming","Expense","17.99","John","Card","Capital One QS","",""
"DEMO-00686","2026-06-15","FreshFields Market","weekly groceries","Food & Dining","Groceries","Expense","132.32","John","Card","Robinhood Gold","",""
"DEMO-00687","2026-06-16","CloudBox","cloud storage subscription","Technology & Subscriptions","Digital Services","Expense","11.99","John","Card","Capital One QS","",""
"DEMO-00688","2026-06-17","Neighborhood Grocer","groceries and household staples","Food & Dining","Groceries","Expense","90","John","Card","Robinhood Gold","",""
"DEMO-00689","2026-06-18","Bakery Lane","breakfast","Food & Dining","Coffee & Snacks","Expense","16.21","Julia","Card","Chase","",""
"DEMO-00690","2026-06-20","Northstar Systems","semi-monthly salary","Income","Salary","Income","2300","John","Bank Transfer","TD Checking","",""
"DEMO-00691","2026-06-20","Warehouse Club","bulk groceries","Food & Dining","Groceries","Expense","107.44","John","Card","Robinhood Gold","",""
"DEMO-00692","2026-06-20","Cafe Morning","coffee","Food & Dining","Coffee & Snacks","Expense","8.53","John","Card","Robinhood Gold","",""
"DEMO-00693","2026-06-20","FuelStop","gas fill-up","Transportation","Fuel","Expense","52.5","Julia","Card","Chase","",""
"DEMO-00694","2026-06-22","Paws & Co","pet food and supplies","Pets","Food & Supplies","Expense","82.2","Julia","Card","American Airlines","",""
"DEMO-00695","2026-06-24","Deli Corner","takeout","Food & Dining","Restaurants","Expense","57.24","John","Card","Robinhood Gold","",""
"DEMO-00696","2026-06-24","Bean Street","coffee and pastry","Food & Dining","Coffee & Snacks","Expense","9.96","Julia","Card","Chase","",""
"DEMO-00697","2026-06-24","Cinema Plus","game purchase","Entertainment","Hobbies & Games","Expense","27.31","John","Card","Robinhood Gold","",""
"DEMO-00698","2026-06-25","Cedar Health","semi-monthly salary","Income","Salary","Income","1800","Julia","Bank Transfer","BoA Checking","",""
"DEMO-00699","2026-06-25","Taco House","lunch","Food & Dining","Restaurants","Expense","54.96","John","Venmo","JohnDaang","",""
"DEMO-00700","2026-06-28","TD Bank","savings interest","Income","Interest","Income","16.23","John","Bank Transfer","TD Savings","",""
"DEMO-00701","2026-07-01","Maplewood Apartments","monthly rent","Housing","Rent","Expense","1725","John","Bank Transfer","TD Checking","",""
"DEMO-00702","2026-07-03","City Utilities","electric and water utility bill","Housing","Utilities","Expense","178.42","Julia","Card","BoA","",""
"DEMO-00703","2026-07-04","FreshFields Market","weekly groceries","Food & Dining","Groceries","Expense","66.08","Julia","Card","Chase","",""
"DEMO-00704","2026-07-05","Northstar Systems","semi-monthly salary","Income","Salary","Income","2300","John","Bank Transfer","TD Checking","",""
"DEMO-00705","2026-07-06","Noodle Works","dinner","Food & Dining","Restaurants","Expense","56.26","Julia","Card","American Airlines","",""
"DEMO-00706","2026-07-07","FiberLink","home internet","Housing","Internet & Phone","Expense","69.99","John","Card","Robinhood Gold","",""
"DEMO-00707","2026-07-07","Neighborhood Grocer","groceries and household staples","Food & Dining","Groceries","Expense","151.17","John","Card","Capital One QS","",""
"DEMO-00708","2026-07-07","Deli Corner","takeout","Food & Dining","Restaurants","Expense","41.67","John","Card","Citizens Bank","",""
"DEMO-00709","2026-07-07","FuelStop","gas fill-up","Transportation","Fuel","Expense","43.56","Julia","Card","BoA","",""
"DEMO-00710","2026-07-08","Taco House","lunch","Food & Dining","Restaurants","Expense","49.94","John","Card","Capital One QS","",""
"DEMO-00711","2026-07-10","Cedar Health","semi-monthly salary","Income","Salary","Income","1750","Julia","Bank Transfer","BoA Checking","",""
"DEMO-00712","2026-07-11","Style Harbor","clothing purchase","Shopping & Household","Clothing","Expense","58.1","John","Card","Capital One QS","",""
"DEMO-00713","2026-07-11","Local Service","miscellaneous household service","Other","To Review","Expense","86.96","Julia","Card","Chase","",""
"DEMO-00714","2026-07-12","Mobile Connect","mobile phone bill","Housing","Internet & Phone","Expense","96","Julia","Card","BoA","",""
"DEMO-00715","2026-07-12","Taco House","lunch","Food & Dining","Restaurants","Expense","23.36","Julia","Venmo","Jooliah3","",""
"DEMO-00716","2026-07-12","Happy Tails Vet","routine veterinary visit","Pets","Veterinary & Grooming","Expense","153.39","Julia","Card","BoA","",""
"DEMO-00717","2026-07-13","FuelStop","gas fill-up","Transportation","Fuel","Expense","56.62","Julia","Card","BoA","",""
"DEMO-00718","2026-07-14","StreamFlix","streaming subscription","Entertainment","Streaming","Expense","17.99","John","Card","Capital One QS","",""
"DEMO-00719","2026-07-14","FreshFields Market","weekly groceries","Food & Dining","Groceries","Expense","107.83","John","Card","Robinhood Gold","",""
"DEMO-00720","2026-07-14","Neighborhood Grocer","groceries and household staples","Food & Dining","Groceries","Expense","70.75","Julia","Card","American Airlines","",""
"DEMO-00721","2026-07-14","Paws & Co","pet food and supplies","Pets","Food & Supplies","Expense","58.93","John","Card","Citizens Bank","",""
"DEMO-00722","2026-07-15","Bean Street","coffee and pastry","Food & Dining","Coffee & Snacks","Expense","14.48","Julia","Card","American Airlines","",""
"DEMO-00723","2026-07-15","FuelStop","gas fill-up","Transportation","Fuel","Expense","63.4","John","Card","Capital One QS","",""
"DEMO-00724","2026-07-15","Cinema Plus","event tickets","Entertainment","Events","Expense","47.76","John","Card","Robinhood Gold","",""
"DEMO-00725","2026-07-15","City Events","movie tickets","Entertainment","Events","Expense","82.04","Julia","Card","BoA","",""
"DEMO-00726","2026-07-15","Pharmacy Corner","pharmacy purchase","Health & Personal Care","Pharmacy","Expense","25.51","Julia","Card","Chase","",""
"DEMO-00727","2026-07-16","CloudBox","cloud storage subscription","Technology & Subscriptions","Digital Services","Expense","11.99","John","Card","Capital One QS","",""
"DEMO-00728","2026-07-18","Deli Corner","takeout","Food & Dining","Restaurants","Expense","28.24","John","Card","Capital One QS","",""
"DEMO-00729","2026-07-19","Neighborhood Grocer","groceries and household staples","Food & Dining","Groceries","Expense","102.63","Julia","Card","Chase","",""
"DEMO-00730","2026-07-20","Northstar Systems","semi-monthly salary","Income","Salary","Income","2300","John","Bank Transfer","TD Checking","",""
"DEMO-00731","2026-07-21","Bean Street","coffee and pastry","Food & Dining","Coffee & Snacks","Expense","9.29","John","Card","Robinhood Gold","",""
"DEMO-00732","2026-07-23","Market Square","general retail purchase","Shopping & Household","General Retail","Expense","140.66","Julia","Card","Chase","",""
"DEMO-00733","2026-07-24","Deli Corner","takeout","Food & Dining","Restaurants","Expense","20.56","Julia","Card","Chase","",""
"DEMO-00734","2026-07-24","Tech Outlet","small electronics accessory","Shopping & Household","Electronics","Expense","29.66","Julia","Card","Chase","",""
"DEMO-00735","2026-07-25","Cedar Health","semi-monthly salary","Income","Salary","Income","1750","Julia","Bank Transfer","BoA Checking","",""
"DEMO-00736","2026-07-27","Freelance Client","analytics consulting project","Income","Freelance","Income","289.01","John","Bank Transfer","TD Checking","",""
"DEMO-00737","2026-07-28","Market Square","refund for general retail purchase","Shopping & Household","General Retail","Refund","140.66","Julia","Card","Chase","DEMO-00732","Synthetic refund for dashboard testing."
"DEMO-00738","2026-08-01","Maplewood Apartments","monthly rent","Housing","Rent","Expense","1725","John","Bank Transfer","TD Checking","",""
"DEMO-00739","2026-08-03","City Utilities","electric and water utility bill","Housing","Utilities","Expense","187.77","Julia","Card","BoA","",""
"DEMO-00740","2026-08-03","Style Harbor","clothing purchase","Shopping & Household","Clothing","Expense","93.52","Julia","Card","Chase","",""
"DEMO-00741","2026-08-04","Neighborhood Grocer","groceries and household staples","Food & Dining","Groceries","Expense","66.11","John","Card","Capital One QS","",""
"DEMO-00742","2026-08-04","Bakery Lane","breakfast","Food & Dining","Coffee & Snacks","Expense","11.76","John","Card","Robinhood Gold","",""
"DEMO-00743","2026-08-04","FuelStop","gas fill-up","Transportation","Fuel","Expense","42.93","Julia","Card","BoA","",""
"DEMO-00744","2026-08-05","Northstar Systems","semi-monthly salary","Income","Salary","Income","2300","John","Bank Transfer","TD Checking","",""
"DEMO-00745","2026-08-05","Bakery Lane","breakfast","Food & Dining","Coffee & Snacks","Expense","15.96","Julia","Card","Chase","",""
"DEMO-00746","2026-08-07","FiberLink","home internet","Housing","Internet & Phone","Expense","69.99","John","Card","Robinhood Gold","",""
"DEMO-00747","2026-08-08","RideNow","rideshare trip","Transportation","Rideshare & Transit","Expense","19.2","John","Card","Robinhood Gold","",""
"DEMO-00748","2026-08-09","Cinema Plus","movie tickets","Entertainment","Hobbies & Games","Expense","17.78","John","Card","Capital One QS","",""
"DEMO-00749","2026-08-10","Cedar Health","semi-monthly salary","Income","Salary","Income","1750","Julia","Bank Transfer","BoA Checking","",""
"DEMO-00750","2026-08-10","Taco House","lunch","Food & Dining","Restaurants","Expense","52.77","John","Card","Capital One QS","",""
"DEMO-00751","2026-08-10","Paws & Co","pet food and supplies","Pets","Food & Supplies","Expense","83.57","Julia","Card","BoA","",""
"DEMO-00752","2026-08-11","Warehouse Club","bulk groceries","Food & Dining","Groceries","Expense","145.48","John","Card","Citizens Bank","",""
"DEMO-00753","2026-08-12","Mobile Connect","mobile phone bill","Housing","Internet & Phone","Expense","96","Julia","Card","BoA","",""
"DEMO-00754","2026-08-12","Style Harbor","clothing purchase","Shopping & Household","Clothing","Expense","70.65","Julia","Card","BoA","",""
"DEMO-00755","2026-08-13","Home Essentials","household items","Shopping & Household","Household","Expense","26.22","Julia","Card","Chase","",""
"DEMO-00756","2026-08-14","StreamFlix","streaming subscription","Entertainment","Streaming","Expense","17.99","John","Card","Capital One QS","",""
"DEMO-00757","2026-08-14","Neighborhood Grocer","groceries and household staples","Food & Dining","Groceries","Expense","79.6","John","Card","Robinhood Gold","",""
"DEMO-00758","2026-08-16","CloudBox","cloud storage subscription","Technology & Subscriptions","Digital Services","Expense","11.99","John","Card","Capital One QS","",""
"DEMO-00759","2026-08-16","Deli Corner","takeout","Food & Dining","Restaurants","Expense","33.39","John","Card","Capital One QS","",""
"DEMO-00760","2026-08-17","Cafe Morning","coffee","Food & Dining","Coffee & Snacks","Expense","11.97","Julia","Card","BoA","",""
"DEMO-00761","2026-08-18","Neighborhood Grocer","groceries and household staples","Food & Dining","Groceries","Expense","152.23","John","Card","Capital One QS","",""
"DEMO-00762","2026-08-18","City Events","event tickets","Entertainment","Events","Expense","30.04","John","Card","Capital One QS","",""
"DEMO-00763","2026-08-20","Northstar Systems","semi-monthly salary","Income","Salary","Income","2300","John","Bank Transfer","TD Checking","",""
"DEMO-00764","2026-08-23","Deli Corner","takeout","Food & Dining","Restaurants","Expense","20.01","Julia","Card","Chase","",""
"DEMO-00765","2026-08-25","Cedar Health","semi-monthly salary","Income","Salary","Income","1750","Julia","Bank Transfer","BoA Checking","",""
"DEMO-00766","2026-08-25","FuelStop","gas fill-up","Transportation","Fuel","Expense","73.81","Julia","Card","BoA","",""
"DEMO-00767","2026-08-27","Taco House","lunch","Food & Dining","Restaurants","Expense","57.94","John","Card","Citizens Bank","",""
"DEMO-00768","2026-09-01","Maplewood Apartments","monthly rent","Housing","Rent","Expense","1725","John","Bank Transfer","TD Checking","",""
"DEMO-00769","2026-09-03","City Utilities","electric and water utility bill","Housing","Utilities","Expense","165.08","Julia","Card","BoA","",""
"DEMO-00770","2026-09-03","Bean Street","coffee and pastry","Food & Dining","Coffee & Snacks","Expense","13.43","Julia","Card","American Airlines","",""
"DEMO-00771","2026-09-05","Northstar Systems","semi-monthly salary","Income","Salary","Income","2300","John","Bank Transfer","TD Checking","",""
"DEMO-00772","2026-09-05","Noodle Works","dinner","Food & Dining","Restaurants","Expense","72.26","Julia","Card","BoA","",""
"DEMO-00773","2026-09-05","Tech Outlet","small electronics accessory","Shopping & Household","Electronics","Expense","126.61","John","Card","Capital One QS","",""
"DEMO-00774","2026-09-06","Warehouse Club","bulk groceries","Food & Dining","Groceries","Expense","87.12","John","Card","Capital One QS","",""
"DEMO-00775","2026-09-06","Game Corner","game purchase","Entertainment","Hobbies & Games","Expense","35.14","John","Card","Robinhood Gold","",""
"DEMO-00776","2026-09-07","FiberLink","home internet","Housing","Internet & Phone","Expense","69.99","John","Card","Robinhood Gold","",""
"DEMO-00777","2026-09-10","Cedar Health","semi-monthly salary","Income","Salary","Income","1750","Julia","Bank Transfer","BoA Checking","",""
"DEMO-00778","2026-09-10","Bean Street","coffee and pastry","Food & Dining","Coffee & Snacks","Expense","5.59","Julia","Card","BoA","",""
"DEMO-00779","2026-09-12","Mobile Connect","mobile phone bill","Housing","Internet & Phone","Expense","96","Julia","Card","BoA","",""
"DEMO-00780","2026-09-12","Game Corner","game purchase","Entertainment","Events","Expense","78.71","John","Card","Robinhood Gold","",""
"DEMO-00781","2026-09-14","StreamFlix","streaming subscription","Entertainment","Streaming","Expense","17.99","John","Card","Capital One QS","",""
"DEMO-00782","2026-09-14","FuelStop","gas fill-up","Transportation","Fuel","Expense","48.78","John","Card","Capital One QS","",""
"DEMO-00783","2026-09-15","Neighborhood Grocer","groceries and household staples","Food & Dining","Groceries","Expense","148.28","John","Card","Capital One QS","",""
"DEMO-00784","2026-09-15","Warehouse Club","bulk groceries","Food & Dining","Groceries","Expense","102.89","Julia","Card","BoA","",""
"DEMO-00785","2026-09-15","Taco House","lunch","Food & Dining","Restaurants","Expense","63.88","John","Card","Capital One QS","",""
"DEMO-00786","2026-09-15","Bean Street","coffee and pastry","Food & Dining","Coffee & Snacks","Expense","7.51","John","Card","Capital One QS","",""
"DEMO-00787","2026-09-15","Style Harbor","clothing purchase","Shopping & Household","Clothing","Expense","21.98","John","Card","Citizens Bank","",""
"DEMO-00788","2026-09-16","CloudBox","cloud storage subscription","Technology & Subscriptions","Digital Services","Expense","11.99","John","Card","Capital One QS","",""
"DEMO-00789","2026-09-16","Bean Street","coffee and pastry","Food & Dining","Coffee & Snacks","Expense","12.08","Julia","Card","Chase","",""
"DEMO-00790","2026-09-16","Home Essentials","household items","Shopping & Household","Household","Expense","134.34","Julia","Card","American Airlines","",""
"DEMO-00791","2026-09-18","Noodle Works","dinner","Food & Dining","Restaurants","Expense","76.05","John","Venmo","JohnDaang","",""
"DEMO-00792","2026-09-18","Family Clinic","medical appointment","Health & Personal Care","Medical","Expense","82.16","John","Card","Citizens Bank","",""
"DEMO-00793","2026-09-20","Northstar Systems","semi-monthly salary","Income","Salary","Income","2300","John","Bank Transfer","TD Checking","",""
"DEMO-00794","2026-09-22","Neighborhood Grocer","groceries and household staples","Food & Dining","Groceries","Expense","109.31","Julia","Card","Chase","",""
"DEMO-00795","2026-09-24","Pharmacy Corner","pharmacy purchase","Health & Personal Care","Pharmacy","Expense","14.4","Julia","Card","Chase","",""
"DEMO-00796","2026-09-25","Cedar Health","semi-monthly salary","Income","Salary","Income","1750","Julia","Bank Transfer","BoA Checking","",""
"DEMO-00797","2026-09-25","Taco House","lunch","Food & Dining","Restaurants","Expense","33.33","John","Card","Capital One QS","",""
"DEMO-00798","2026-09-25","Paws & Co","pet food and supplies","Pets","Food & Supplies","Expense","50.31","John","Card","Citizens Bank","",""
"DEMO-00799","2026-09-26","FuelStop","gas fill-up","Transportation","Fuel","Expense","38.34","Julia","Card","BoA","",""
"DEMO-00800","2026-09-28","TD Bank","savings interest","Income","Interest","Income","17.64","John","Bank Transfer","TD Savings","",""
